Loan_ID,Gender,Married,Dependents,Education,Self_Employed,ApplicantIncome,CoapplicantIncome,LoanAmount,Loan_Amount_Term,Credit_History,Property_Area,Loan_Status,Guarantor_Income
LP001001,Male,Yes,0,Not Graduate,No,1686.0,1020,80.0,360.0,1.0,Semiurban,Y,
LP001002,Male,Yes,0,Not Graduate,No,2437.0,1201,122.0,360.0,1.0,Urban,Y,1935.0
LP001003,Female,No,0,Graduate,No,8313.0,1065,319.0,360.0,1.0,Urban,Y,965.0
LP001004,Male,Yes,0,Graduate,No,5069.0,0,218.0,360.0,1.0,Semiurban,Y,
LP001005,Male,No,2,Graduate,No,3002.0,2283,194.0,360.0,0.0,Urban,N,
LP001006,Female,Yes,0,Graduate,No,3918.0,1966,219.0,360.0,1.0,,Y,3607.0
LP001007,Male,No,0,Graduate,No,4255.0,2274,205.0,360.0,1.0,Rural,Y,
LP001008,,Yes,0,Not Graduate,Yes,5890.0,2699,305.0,360.0,1.0,Urban,Y,2959.0
LP001009,Male,No,0,Not Graduate,No,2296.0,1371,104.0,360.0,1.0,Semiurban,Y,4352.0
LP001010,Male,Yes,0,Graduate,No,2897.0,4815,228.0,240.0,1.0,Semiurban,Y,
LP001011,Male,Yes,1,Graduate,No,4783.0,0,245.0,360.0,1.0,Urban,Y,
LP001012,Female,No,0,Not Graduate,No,4044.0,1541,203.0,360.0,1.0,Urban,Y,
LP001013,Male,No,2,Not Graduate,No,5472.0,0,189.0,360.0,1.0,Urban,Y,
LP001014,Female,No,3+,Graduate,No,2433.0,664,118.0,360.0,,Urban,Y,
LP001015,Male,Yes,0,Graduate,No,4968.0,1243,196.0,360.0,1.0,Urban,Y,
LP001016,Male,Yes,0,Not Graduate,No,6913.0,3600,337.0,360.0,1.0,Urban,Y,
LP001017,Male,,0,Graduate,No,5266.0,0,185.0,360.0,1.0,Urban,Y,3467.0
LP001018,Male,Yes,1,Graduate,No,4503.0,0,169.0,360.0,1.0,Rural,Y,4418.0
LP001019,Female,No,0,Not Graduate,Yes,4052.0,4948,309.0,360.0,1.0,Urban,Y,
LP001020,Male,No,2,Not Graduate,No,2905.0,1601,171.0,180.0,1.0,Urban,Y,2922.0
LP001021,Male,No,2,Not Graduate,No,4095.0,0,177.0,360.0,0.0,Semiurban,N,
LP001022,Male,No,2,Not Graduate,Yes,7457.0,3911,369.0,360.0,0.0,Urban,N,
LP001023,Female,No,0,Graduate,Yes,4010.0,0,147.0,360.0,1.0,Semiurban,Y,
LP001024,Female,No,3+,Graduate,No,2834.0,3363,204.0,360.0,1.0,Urban,Y,
LP001025,Male,Yes,0,,No,3390.0,0,120.0,360.0,1.0,Semiurban,Y,
LP001026,Male,Yes,0,Graduate,No,4630.0,0,178.0,360.0,1.0,Semiurban,Y,
LP001027,Male,Yes,0,Graduate,,3576.0,0,154.0,360.0,1.0,Semiurban,Y,
LP001028,,No,3+,Graduate,No,5263.0,2454,263.0,,1.0,,Y,6215.0
LP001029,Male,Yes,0,Graduate,No,5352.0,4003,320.0,360.0,0.0,Semiurban,N,
LP001030,Male,Yes,2,Graduate,No,6311.0,1789,337.0,360.0,0.0,Urban,N,
LP001031,Male,No,0,Graduate,Yes,8027.0,932,340.0,360.0,1.0,Urban,Y,
LP001032,Female,Yes,3+,Graduate,No,6622.0,0,294.0,360.0,1.0,Semiurban,Y,
LP001033,Male,Yes,0,Graduate,No,2778.0,0,125.0,360.0,1.0,Urban,Y,
LP001034,Male,No,0,Graduate,No,2817.0,0,76.0,180.0,1.0,Urban,Y,
LP001035,Male,No,3+,Not Graduate,Yes,4088.0,2531,199.0,180.0,0.0,Semiurban,N,1886.0
LP001036,Male,Yes,0,Graduate,Yes,3453.0,0,117.0,360.0,1.0,Urban,Y,
LP001037,Male,No,0,Graduate,No,2535.0,3164,159.0,360.0,,Urban,Y,
LP001038,Male,Yes,1,Graduate,No,3468.0,0,136.0,360.0,1.0,Semiurban,Y,
LP001039,Male,No,0,Graduate,No,3417.0,0,152.0,360.0,1.0,Semiurban,Y,5010.0
LP001040,Male,Yes,0,Graduate,,3126.0,0,156.0,360.0,1.0,Rural,Y,
LP001041,Male,Yes,0,Graduate,No,3670.0,0,155.0,360.0,1.0,Rural,N,
LP001042,Female,Yes,0,Graduate,No,7189.0,435,287.0,360.0,1.0,Rural,Y,2350.0
LP001043,Male,Yes,2,Graduate,No,4627.0,3225,214.0,120.0,1.0,Semiurban,Y,
LP001044,Male,No,1,Graduate,No,12866.0,0,480.0,360.0,1.0,Urban,Y,2644.0
LP001045,Female,Yes,0,Graduate,No,4568.0,1562,222.0,360.0,1.0,Semiurban,Y,5158.0
LP001046,Male,Yes,0,Graduate,No,3713.0,5516,291.0,360.0,1.0,Semiurban,Y,1890.0
LP001047,Male,Yes,0,Graduate,No,4238.0,1302,,360.0,,Semiurban,Y,
LP001048,,No,1,Graduate,No,4748.0,1329,254.0,360.0,1.0,Urban,Y,
LP001049,Male,No,3+,Not Graduate,,5145.0,1848,272.0,300.0,1.0,Urban,Y,
LP001050,Male,No,3+,Graduate,No,10770.0,2561,471.0,180.0,1.0,Urban,Y,4179.0
LP001051,Male,Yes,0,Graduate,No,2892.0,1533,141.0,360.0,1.0,Urban,Y,
LP001052,Male,Yes,0,Graduate,No,6227.0,777,266.0,180.0,1.0,,Y,
LP001053,Male,Yes,0,Graduate,Yes,4645.0,1189,196.0,360.0,1.0,Rural,Y,
LP001054,Male,Yes,0,Graduate,No,2086.0,0,96.0,360.0,1.0,Urban,Y,
LP001055,Male,No,0,Not Graduate,Yes,5984.0,2090,301.0,360.0,1.0,Semiurban,Y,
LP001056,Male,No,1,Not Graduate,Yes,7483.0,2619,338.0,360.0,1.0,Rural,Y,
LP001057,Male,Yes,0,Graduate,No,2876.0,0,145.0,360.0,1.0,Urban,Y,2393.0
LP001058,Male,Yes,0,Graduate,No,4213.0,1345,205.0,360.0,1.0,Semiurban,Y,
LP001059,Male,No,0,Not Graduate,No,1946.0,5467,171.0,360.0,1.0,Semiurban,Y,9130.0
LP001060,Male,Yes,0,Graduate,No,2401.0,0,95.0,120.0,1.0,Urban,Y,
LP001061,Male,Yes,0,Graduate,No,6779.0,1531,316.0,360.0,1.0,Semiurban,Y,
LP001062,Male,Yes,0,Graduate,No,3429.0,3857,258.0,240.0,0.0,Rural,N,3326.0
LP001063,Male,Yes,1,Graduate,Yes,2568.0,1295,127.0,360.0,1.0,Semiurban,Y,6417.0
LP001064,,Yes,0,Graduate,No,4690.0,0,208.0,120.0,0.0,Rural,N,
LP001065,Male,Yes,0,Graduate,No,3344.0,0,138.0,360.0,,Rural,Y,
LP001066,Male,Yes,0,Not Graduate,No,3423.0,1999,154.0,360.0,0.0,Urban,N,
LP001067,Male,Yes,2,Graduate,No,5900.0,0,201.0,360.0,0.0,Semiurban,Y,
LP001068,Male,Yes,0,Graduate,No,2508.0,0,128.0,120.0,0.0,Semiurban,N,
LP001069,Male,Yes,2,Graduate,No,2815.0,0,142.0,360.0,1.0,Semiurban,Y,1309.0
LP001070,Male,No,3+,Graduate,No,4534.0,0,189.0,,1.0,Semiurban,Y,
LP001071,Male,No,1,Graduate,No,6544.0,2430,360.0,180.0,1.0,Semiurban,Y,4158.0
LP001072,Male,Yes,1,Graduate,No,7385.0,2044,373.0,360.0,1.0,Rural,Y,
LP001073,Female,Yes,0,Graduate,No,3136.0,2051,194.0,120.0,,Urban,N,2778.0
LP001074,Male,No,3+,Graduate,No,6450.0,2316,293.0,360.0,0.0,Semiurban,N,3315.0
LP001075,Male,Yes,0,Graduate,Yes,2972.0,1964,211.0,360.0,1.0,Urban,Y,
LP001076,Male,Yes,3+,Graduate,No,9622.0,0,398.0,360.0,1.0,Semiurban,Y,2521.0
LP001077,Male,No,0,Graduate,No,2540.0,0,92.0,360.0,1.0,Semiurban,Y,3825.0
LP001078,Male,Yes,,Graduate,No,7691.0,0,291.0,360.0,1.0,Rural,Y,1910.0
LP001079,Male,No,0,Graduate,No,3148.0,0,132.0,360.0,,Semiurban,Y,
LP001080,Male,Yes,1,Not Graduate,No,10467.0,0,377.0,360.0,1.0,Semiurban,Y,
LP001081,Male,No,0,Graduate,No,5520.0,0,238.0,180.0,1.0,Urban,Y,
LP001082,Male,Yes,0,Graduate,Yes,2678.0,0,83.0,120.0,0.0,Urban,N,2941.0
LP001083,Female,Yes,1,Graduate,No,3344.0,815,163.0,360.0,1.0,Urban,Y,
LP001084,Male,Yes,2,Graduate,No,6012.0,2143,281.0,360.0,,Rural,Y,
LP001085,Male,Yes,0,Graduate,No,6793.0,1141,294.0,360.0,1.0,Urban,Y,2668.0
LP001086,Male,No,0,Graduate,,4098.0,1532,183.0,240.0,0.0,Rural,N,4231.0
LP001087,Male,Yes,0,Graduate,No,4316.0,3741,262.0,180.0,0.0,Urban,N,
LP001088,Male,Yes,2,Graduate,No,5951.0,0,285.0,360.0,1.0,Semiurban,Y,
LP001089,Male,No,0,Graduate,No,4489.0,2810,284.0,360.0,1.0,Semiurban,Y,
LP001090,Male,No,2,Graduate,No,2364.0,0,103.0,120.0,1.0,Semiurban,Y,
LP001091,Male,Yes,0,Not Graduate,No,2934.0,6016,267.0,240.0,1.0,Semiurban,Y,
LP001092,Male,Yes,0,Not Graduate,No,4702.0,0,209.0,,,Semiurban,Y,2819.0
LP001093,Male,No,0,Graduate,No,7310.0,5000,446.0,240.0,1.0,Rural,Y,
LP001094,Male,No,0,Not Graduate,No,8753.0,0,329.0,360.0,1.0,Semiurban,Y,
LP001095,Male,No,2,Graduate,No,6008.0,2825,309.0,360.0,1.0,Urban,Y,
LP001096,Male,No,0,Not Graduate,No,4814.0,1196,177.0,180.0,,Urban,Y,2482.0
LP001097,Male,No,0,Not Graduate,No,5925.0,2188,,360.0,,Semiurban,N,
LP001098,Male,Yes,3+,Graduate,Yes,3134.0,1506,215.0,360.0,1.0,Semiurban,N,
LP001099,Male,Yes,3+,Graduate,,3948.0,2033,211.0,120.0,1.0,Semiurban,Y,
LP001100,Female,Yes,2,Not Graduate,No,2919.0,0,64.0,240.0,,Semiurban,Y,
LP001101,Female,No,0,Not Graduate,No,2412.0,588,126.0,360.0,0.0,Semiurban,N,7802.0
LP001102,Male,No,,Not Graduate,No,4915.0,3917,272.0,360.0,1.0,Rural,Y,7008.0
LP001103,Male,Yes,2,Graduate,No,4598.0,0,167.0,180.0,1.0,Semiurban,Y,
LP001104,Female,Yes,0,Graduate,No,5764.0,0,246.0,360.0,1.0,Semiurban,Y,
LP001105,Male,Yes,0,Not Graduate,No,5409.0,1428,258.0,36.0,1.0,Semiurban,Y,1082.0
LP001106,Male,No,2,Graduate,No,4718.0,2478,238.0,360.0,0.0,Rural,N,
LP001107,Male,Yes,0,Graduate,No,5434.0,1169,230.0,360.0,1.0,Semiurban,Y,
LP001108,Male,Yes,0,Graduate,Yes,4150.0,516,182.0,360.0,1.0,Rural,Y,3703.0
LP001109,Male,Yes,3+,Graduate,No,5094.0,2551,257.0,240.0,1.0,Urban,Y,
LP001110,Female,Yes,1,Graduate,No,3051.0,2728,163.0,60.0,1.0,Semiurban,Y,
LP001111,Male,Yes,0,Graduate,,4996.0,0,192.0,360.0,1.0,Semiurban,Y,1280.0
LP001112,Male,Yes,0,Graduate,No,5715.0,1004,262.0,360.0,1.0,Semiurban,Y,3583.0
LP001113,Male,Yes,0,Graduate,No,3130.0,2108,,180.0,1.0,Urban,Y,
LP001114,Male,Yes,0,Not Graduate,No,4330.0,0,138.0,360.0,1.0,Semiurban,Y,2527.0
LP001115,Male,Yes,2,Graduate,No,3195.0,1079,180.0,,0.0,Urban,N,
LP001116,Female,Yes,2,Graduate,No,3338.0,0,65.0,120.0,0.0,Rural,N,2513.0
LP001117,Male,Yes,0,Graduate,No,2550.0,3315,174.0,180.0,0.0,Urban,N,939.0
LP001118,Male,No,0,Not Graduate,No,7477.0,1607,324.0,120.0,1.0,Urban,Y,
LP001119,Male,Yes,2,Graduate,No,6833.0,1527,,360.0,1.0,Semiurban,Y,
LP001120,Male,Yes,0,Graduate,Yes,5388.0,6456,391.0,360.0,1.0,Semiurban,Y,5196.0
LP001121,Male,Yes,0,Graduate,No,10275.0,2469,480.0,300.0,0.0,Urban,N,
LP001122,Male,Yes,0,Graduate,No,3885.0,2449,,360.0,1.0,Semiurban,Y,
LP001123,Male,Yes,1,Graduate,No,16553.0,1601,480.0,360.0,,Semiurban,Y,1210.0
LP001124,Male,Yes,0,Not Graduate,Yes,3818.0,1397,193.0,120.0,1.0,Urban,Y,
LP001125,Male,No,1,Graduate,No,4745.0,0,147.0,360.0,1.0,Semiurban,Y,1630.0
LP001126,Male,Yes,0,Graduate,No,3537.0,0,189.0,120.0,0.0,Semiurban,N,
LP001127,Male,Yes,1,Not Graduate,Yes,5002.0,2615,229.0,360.0,1.0,Rural,N,
LP001128,Male,Yes,0,Graduate,,6161.0,0,257.0,84.0,1.0,Urban,Y,
LP001129,Male,Yes,0,Not Graduate,No,4019.0,0,171.0,360.0,,Urban,N,
LP001130,Male,Yes,0,Graduate,No,9410.0,0,383.0,360.0,1.0,Rural,Y,
LP001131,Male,No,0,Graduate,No,4711.0,786,196.0,300.0,1.0,Semiurban,Y,3459.0
LP001132,Female,No,0,,No,4778.0,0,212.0,,0.0,Urban,N,
LP001133,Male,Yes,0,Graduate,No,2810.0,1011,99.0,360.0,1.0,Rural,Y,
LP001134,Male,Yes,0,Graduate,No,5107.0,5784,347.0,360.0,1.0,Urban,Y,
LP001135,Male,Yes,0,Not Graduate,No,3983.0,3379,230.0,180.0,,Rural,N,2276.0
LP001136,Male,Yes,3+,Graduate,No,3217.0,0,112.0,120.0,1.0,Semiurban,Y,
LP001137,Female,No,0,Graduate,No,2983.0,806,150.0,360.0,1.0,Rural,Y,1285.0
LP001138,Male,Yes,2,Graduate,No,14077.0,0,480.0,360.0,,Rural,Y,
LP001139,Male,Yes,,Graduate,Yes,3757.0,1505,179.0,360.0,0.0,Urban,N,
LP001140,Male,No,0,Graduate,No,2196.0,0,107.0,84.0,1.0,Rural,Y,8024.0
LP001141,Male,Yes,1,Graduate,No,3090.0,6418,285.0,84.0,1.0,Urban,Y,5773.0
LP001142,Male,Yes,2,Graduate,No,4133.0,0,143.0,84.0,,Semiurban,Y,
LP001143,Female,No,1,Graduate,No,5410.0,2657,,360.0,1.0,Semiurban,Y,
LP001144,Male,Yes,0,Graduate,No,5430.0,0,210.0,360.0,1.0,Urban,Y,6133.0
LP001145,Male,Yes,0,Not Graduate,No,5736.0,3082,289.0,180.0,0.0,Urban,N,
LP001146,Male,Yes,0,Graduate,Yes,3165.0,1590,177.0,180.0,1.0,Urban,Y,2880.0
LP001147,Male,No,0,Not Graduate,No,4931.0,0,203.0,360.0,0.0,Urban,N,
LP001148,Male,Yes,3+,Graduate,Yes,2852.0,0,74.0,360.0,1.0,Urban,Y,
LP001149,Male,Yes,3+,Not Graduate,Yes,3201.0,0,87.0,360.0,1.0,Rural,Y,
LP001150,Male,Yes,0,Graduate,Yes,2799.0,0,123.0,360.0,1.0,Semiurban,Y,2859.0
LP001151,Female,Yes,1,Graduate,No,2478.0,2229,134.0,360.0,1.0,Rural,Y,
LP001152,Female,Yes,0,Not Graduate,Yes,6829.0,4309,388.0,360.0,0.0,Rural,Y,2473.0
LP001153,Male,Yes,2,Graduate,,5767.0,0,250.0,360.0,1.0,,Y,9323.0
LP001154,Male,Yes,0,Graduate,No,6565.0,1148,260.0,300.0,1.0,Semiurban,Y,2879.0
LP001155,Male,Yes,3+,Graduate,No,4306.0,0,137.0,180.0,1.0,Rural,Y,
LP001156,Male,No,2,Graduate,No,6000.0,2322,340.0,300.0,0.0,Semiurban,N,3890.0
LP001157,Male,Yes,0,Graduate,,1915.0,2079,137.0,360.0,1.0,Semiurban,Y,
LP001158,Male,No,,Graduate,,6238.0,1512,277.0,360.0,1.0,Rural,Y,
LP001159,Male,Yes,2,Graduate,No,4581.0,1087,187.0,360.0,1.0,Semiurban,Y,
LP001160,Male,Yes,0,Graduate,No,5609.0,935,235.0,360.0,0.0,Semiurban,Y,
LP001161,,,0,Graduate,Yes,5019.0,1941,220.0,360.0,1.0,Rural,Y,
LP001162,Female,No,2,Graduate,No,2713.0,0,131.0,180.0,,Semiurban,Y,3168.0
LP001163,Male,Yes,0,Graduate,No,2156.0,1324,100.0,180.0,0.0,Rural,N,6483.0
LP001164,Male,No,0,Graduate,No,3070.0,5056,277.0,120.0,1.0,Urban,Y,
LP001165,Male,Yes,0,Graduate,No,5455.0,1902,256.0,360.0,,Urban,Y,
LP001166,Male,Yes,0,Graduate,No,5771.0,0,205.0,360.0,1.0,Semiurban,Y,
LP001167,Female,No,3+,Graduate,No,2286.0,0,81.0,360.0,1.0,Urban,Y,
LP001168,Male,Yes,0,Graduate,No,2720.0,2314,101.0,360.0,1.0,Rural,Y,1123.0
LP001169,Male,No,0,Graduate,No,3055.0,1933,168.0,360.0,1.0,Urban,Y,
LP001170,Female,Yes,0,Graduate,No,3602.0,722,158.0,360.0,1.0,Semiurban,Y,2288.0
LP001171,Male,No,3+,Graduate,,2292.0,4708,230.0,360.0,1.0,Urban,N,
LP001172,Male,Yes,0,Graduate,,2231.0,1843,88.0,360.0,1.0,Rural,Y,
LP001173,Male,Yes,2,Not Graduate,No,2922.0,0,146.0,60.0,1.0,Semiurban,Y,5989.0
LP001174,Female,Yes,1,Graduate,Yes,4398.0,1273,228.0,60.0,1.0,Urban,Y,
LP001175,Male,Yes,2,Graduate,No,2487.0,0,131.0,360.0,1.0,Urban,Y,
LP001176,Male,Yes,3+,Graduate,No,4015.0,0,159.0,120.0,1.0,Semiurban,Y,
LP001177,Male,Yes,2,Graduate,No,6811.0,0,298.0,360.0,1.0,Rural,Y,2137.0
LP001178,Female,Yes,3+,Graduate,No,2355.0,2409,118.0,180.0,1.0,Rural,Y,3904.0
LP001179,Female,Yes,0,Graduate,Yes,3855.0,2490,234.0,120.0,1.0,Urban,Y,1882.0
LP001180,Male,Yes,,Graduate,,6709.0,4514,362.0,180.0,1.0,Semiurban,Y,
LP001181,Female,No,0,Graduate,,3504.0,0,99.0,180.0,0.0,Urban,N,2477.0
LP001182,Female,No,0,Not Graduate,No,3268.0,3163,182.0,360.0,1.0,Semiurban,Y,1410.0
LP001183,Male,No,2,Not Graduate,No,7141.0,851,307.0,240.0,1.0,Semiurban,Y,2155.0
LP001184,Male,Yes,3+,Graduate,Yes,3686.0,1316,160.0,360.0,1.0,Urban,Y,
LP001185,Male,No,1,Graduate,No,6954.0,1094,315.0,360.0,,Semiurban,Y,3484.0
LP001186,Male,Yes,0,Graduate,No,5131.0,3092,237.0,360.0,1.0,Rural,Y,
LP001187,Male,Yes,0,Graduate,No,3625.0,2214,147.0,180.0,1.0,Urban,Y,
LP001188,Male,Yes,0,Not Graduate,No,5249.0,868,266.0,360.0,0.0,Urban,N,
LP001189,Male,No,0,Graduate,,4886.0,1784,263.0,360.0,1.0,Urban,Y,
LP001190,Male,Yes,0,Not Graduate,No,6697.0,0,242.0,300.0,1.0,Urban,Y,
LP001191,Female,Yes,0,Not Graduate,No,3305.0,0,132.0,360.0,1.0,Urban,Y,
LP001192,Male,No,0,Graduate,No,4309.0,0,198.0,360.0,1.0,Semiurban,Y,
LP001193,Male,Yes,2,Graduate,No,4115.0,2744,244.0,360.0,0.0,Urban,N,
LP001194,Female,Yes,0,Graduate,No,5807.0,2507,299.0,360.0,1.0,Semiurban,Y,
LP001195,Male,No,3+,Graduate,,2667.0,6278,291.0,180.0,1.0,Rural,Y,
LP001196,Male,Yes,1,Graduate,No,6685.0,3323,332.0,360.0,1.0,Rural,Y,2819.0
LP001197,Male,Yes,0,Not Graduate,No,5218.0,0,209.0,360.0,,Semiurban,Y,
LP001198,Female,No,0,Graduate,No,2339.0,3264,175.0,360.0,1.0,Urban,Y,
LP001199,Male,No,0,Graduate,No,7286.0,0,285.0,360.0,1.0,Urban,N,4088.0
LP001200,Male,Yes,3+,Not Graduate,No,11560.0,1122,480.0,240.0,1.0,Urban,Y,
LP001201,Male,Yes,0,Graduate,No,6640.0,0,267.0,360.0,1.0,Rural,Y,5531.0
LP001202,Female,Yes,0,Graduate,No,8040.0,547,336.0,180.0,1.0,Rural,Y,3687.0
LP001203,Male,Yes,3+,Not Graduate,No,4396.0,1954,198.0,360.0,,Semiurban,Y,
LP001204,Male,Yes,3+,Graduate,No,2003.0,1083,127.0,360.0,1.0,Urban,N,
LP001205,Male,Yes,0,Graduate,No,1845.0,0,49.0,360.0,1.0,Semiurban,Y,
LP001206,Male,No,0,Graduate,,4745.0,1047,211.0,360.0,1.0,Urban,Y,
LP001207,Male,No,0,Not Graduate,No,3241.0,2577,187.0,360.0,1.0,Rural,Y,2618.0
LP001208,Male,Yes,0,Graduate,,2803.0,2022,172.0,180.0,0.0,Urban,N,3307.0
LP001209,Male,Yes,0,Graduate,No,4112.0,4630,227.0,360.0,1.0,Urban,Y,1511.0
LP001210,Male,Yes,0,Graduate,No,5580.0,0,245.0,360.0,1.0,Semiurban,Y,
LP001211,Male,No,2,Graduate,No,2200.0,1260,103.0,360.0,1.0,Urban,Y,
LP001212,Male,Yes,0,Not Graduate,No,3456.0,0,169.0,360.0,1.0,Semiurban,Y,
LP001213,Male,Yes,1,Graduate,No,8345.0,0,322.0,360.0,0.0,Rural,N,
LP001214,Male,Yes,0,Not Graduate,No,2607.0,2550,167.0,240.0,1.0,Urban,N,
LP001215,Male,Yes,2,Graduate,No,6257.0,2847,369.0,360.0,1.0,Semiurban,Y,2850.0
LP001216,Male,No,1,Graduate,No,3401.0,0,129.0,360.0,0.0,Semiurban,Y,
LP001217,,No,2,Not Graduate,No,5408.0,0,247.0,360.0,1.0,Urban,Y,3121.0
LP001218,Male,Yes,3+,,No,6931.0,0,278.0,360.0,1.0,Urban,Y,2163.0
LP001219,Female,No,0,Graduate,Yes,5905.0,0,247.0,360.0,1.0,Urban,Y,
LP001220,Male,No,0,Not Graduate,No,6369.0,2269,313.0,360.0,1.0,Urban,N,2075.0
LP001221,Male,Yes,0,Graduate,Yes,2519.0,0,122.0,360.0,1.0,Urban,Y,2924.0
LP001222,Male,Yes,0,Graduate,Yes,6982.0,1935,311.0,180.0,1.0,Rural,Y,
LP001223,Male,Yes,3+,Not Graduate,Yes,2882.0,0,91.0,360.0,1.0,Semiurban,Y,
LP001224,Female,No,0,Graduate,No,4754.0,0,174.0,360.0,1.0,Rural,Y,1801.0
LP001225,Male,Yes,2,Graduate,No,4751.0,3611,283.0,360.0,1.0,Semiurban,Y,
LP001226,Female,Yes,0,Graduate,No,5262.0,0,205.0,360.0,1.0,,Y,
LP001227,Male,Yes,0,Graduate,No,4923.0,1984,264.0,360.0,1.0,Semiurban,Y,4412.0
LP001228,Male,No,0,Graduate,Yes,2894.0,1654,190.0,360.0,1.0,Urban,Y,1679.0
LP001229,Male,Yes,1,Graduate,No,2304.0,8570,282.0,120.0,1.0,Urban,Y,2340.0
LP001230,Male,No,1,Graduate,No,6264.0,1224,263.0,360.0,1.0,Semiurban,Y,2937.0
LP001231,Male,Yes,0,Graduate,No,4599.0,0,148.0,360.0,1.0,Rural,Y,
LP001232,Male,No,0,Graduate,No,7096.0,1274,366.0,360.0,1.0,Semiurban,Y,1847.0
LP001233,Female,Yes,1,Graduate,No,4146.0,5834,319.0,360.0,1.0,Urban,Y,2350.0
LP001234,Male,Yes,0,Graduate,No,2248.0,3402,187.0,360.0,1.0,Rural,Y,1043.0
LP001235,Female,No,3+,Graduate,Yes,6534.0,0,228.0,360.0,1.0,Urban,Y,
LP001236,Male,No,0,Graduate,No,,0,143.0,360.0,1.0,Rural,Y,
LP001237,Male,Yes,0,Graduate,No,4934.0,0,210.0,360.0,1.0,Rural,Y,3210.0
LP001238,Male,Yes,0,Not Graduate,No,3161.0,0,,120.0,1.0,Rural,Y,
LP001239,Male,No,0,Graduate,Yes,8866.0,3149,460.0,300.0,1.0,Rural,Y,
LP001240,Male,No,0,Graduate,No,2851.0,0,172.0,360.0,0.0,Urban,N,2364.0
LP001241,Female,Yes,0,Not Graduate,No,3634.0,0,122.0,360.0,1.0,Semiurban,N,
LP001242,Male,Yes,3+,Graduate,No,4440.0,0,152.0,180.0,1.0,Semiurban,Y,
LP001243,Male,No,0,Graduate,Yes,2588.0,2588,146.0,60.0,0.0,Semiurban,N,
LP001244,Male,No,0,Graduate,No,4909.0,0,237.0,240.0,0.0,Urban,N,1913.0
LP001245,Male,No,0,Graduate,No,8737.0,2070,427.0,360.0,,Urban,Y,
LP001246,Female,Yes,0,Graduate,Yes,3392.0,0,132.0,360.0,1.0,Urban,Y,
LP001247,Male,Yes,1,Graduate,No,5053.0,5521,341.0,360.0,,Semiurban,N,
LP001248,Male,No,0,Graduate,No,1500.0,0,40.0,,1.0,Semiurban,Y,1996.0
LP001249,Male,No,1,Not Graduate,,4157.0,2583,253.0,360.0,,Rural,Y,6150.0
LP001250,Male,No,0,Not Graduate,No,3674.0,0,137.0,360.0,1.0,Rural,Y,
LP001251,Male,Yes,3+,Graduate,No,,0,111.0,,1.0,Semiurban,Y,
LP001252,Female,Yes,0,Graduate,No,6882.0,0,290.0,360.0,1.0,Urban,Y,
LP001253,Male,No,2,Graduate,No,3653.0,0,141.0,360.0,1.0,Semiurban,Y,
LP001254,Male,Yes,0,,No,3905.0,0,150.0,360.0,1.0,Urban,Y,
LP001255,Male,No,0,Graduate,No,3570.0,2426,204.0,360.0,1.0,Urban,Y,
LP001256,Male,Yes,2,Graduate,No,1785.0,877,113.0,360.0,1.0,Urban,Y,
LP001257,Female,No,1,Graduate,No,2542.0,0,143.0,360.0,0.0,Urban,Y,
LP001258,Male,No,2,,Yes,6519.0,549,289.0,360.0,1.0,Urban,Y,2320.0
LP001259,Male,Yes,0,Graduate,No,1637.0,2308,143.0,240.0,0.0,Semiurban,N,
LP001260,Male,Yes,1,Graduate,No,2996.0,0,115.0,360.0,0.0,Urban,N,
LP001261,Male,Yes,2,Graduate,,3534.0,0,124.0,360.0,1.0,Urban,Y,
LP001262,Female,Yes,1,Not Graduate,No,9271.0,0,387.0,360.0,1.0,Urban,Y,2334.0
LP001263,Male,Yes,0,Graduate,No,5978.0,0,243.0,360.0,1.0,Semiurban,Y,
LP001264,Male,Yes,1,Graduate,No,3292.0,3223,177.0,360.0,0.0,Semiurban,N,
LP001265,Female,No,1,Graduate,No,7609.0,1312,329.0,360.0,1.0,Urban,Y,
LP001266,Male,Yes,3+,Graduate,No,3031.0,5224,250.0,360.0,1.0,Urban,Y,
LP001267,Male,Yes,0,Graduate,No,6661.0,3133,332.0,360.0,,Rural,N,5758.0
LP001268,Male,Yes,0,Graduate,No,2295.0,1091,156.0,360.0,1.0,Semiurban,Y,
LP001269,,Yes,2,Graduate,No,6857.0,0,286.0,360.0,0.0,Semiurban,Y,
LP001270,Male,Yes,0,Graduate,No,3524.0,0,175.0,360.0,1.0,Semiurban,Y,1719.0
LP001271,Male,Yes,1,Graduate,No,2663.0,0,113.0,360.0,1.0,Rural,Y,
LP001272,Male,No,0,Graduate,No,3836.0,0,155.0,360.0,1.0,Rural,Y,
LP001273,Male,Yes,0,Graduate,No,4792.0,0,168.0,360.0,1.0,Semiurban,Y,
LP001274,,No,1,Graduate,No,3386.0,1275,168.0,360.0,1.0,Semiurban,Y,3384.0
LP001275,Male,Yes,0,Graduate,No,5428.0,0,217.0,180.0,0.0,Urban,Y,
LP001276,Male,Yes,0,Graduate,No,3254.0,0,96.0,84.0,1.0,Semiurban,Y,7285.0
LP001277,Male,No,1,Graduate,No,5592.0,3247,291.0,360.0,1.0,Semiurban,Y,
LP001278,Male,No,1,Graduate,No,5162.0,0,198.0,360.0,0.0,Urban,Y,2820.0
LP001279,Female,Yes,2,Not Graduate,No,4116.0,1680,217.0,360.0,1.0,Rural,Y,3752.0
LP001280,Female,Yes,0,Not Graduate,No,3468.0,0,150.0,360.0,1.0,Rural,Y,4324.0
LP001281,Male,Yes,0,Graduate,No,4529.0,1060,193.0,240.0,0.0,Urban,N,2395.0
LP001282,Male,Yes,3+,Graduate,No,5419.0,0,228.0,360.0,1.0,Rural,Y,
LP001283,Male,Yes,0,Graduate,Yes,10698.0,1840,469.0,84.0,1.0,Urban,Y,
LP001284,Male,Yes,0,Graduate,No,6456.0,0,186.0,360.0,1.0,Semiurban,Y,
LP001285,Male,Yes,0,Graduate,Yes,6563.0,0,250.0,360.0,1.0,Rural,Y,2790.0
LP001286,Male,Yes,0,Not Graduate,No,16981.0,980,480.0,240.0,1.0,Urban,Y,
LP001287,Male,No,2,Not Graduate,No,5336.0,0,171.0,360.0,1.0,Semiurban,Y,
LP001288,Male,No,2,Graduate,No,5261.0,0,213.0,180.0,1.0,Semiurban,Y,
LP001289,Male,Yes,1,Graduate,No,5807.0,1310,305.0,360.0,1.0,Urban,Y,1838.0
LP001290,Male,Yes,0,Not Graduate,Yes,2686.0,0,88.0,240.0,1.0,Semiurban,Y,2642.0
LP001291,Female,Yes,0,Graduate,No,3464.0,3447,225.0,360.0,1.0,Urban,N,
LP001292,Male,Yes,0,Not Graduate,No,3369.0,2378,162.0,360.0,1.0,Semiurban,Y,
LP001293,Female,No,0,Graduate,No,5661.0,0,267.0,240.0,1.0,Urban,Y,3266.0
LP001294,Male,No,0,Not Graduate,Yes,3911.0,813,175.0,360.0,1.0,Urban,Y,1754.0
LP001295,Female,No,0,Graduate,No,4502.0,0,181.0,360.0,0.0,Semiurban,N,5257.0
LP001296,Female,No,0,Graduate,No,6901.0,2489,372.0,180.0,1.0,Urban,Y,9475.0
LP001297,Female,No,0,Graduate,No,6238.0,0,266.0,360.0,1.0,Semiurban,Y,8194.0
LP001298,Male,No,1,Graduate,Yes,3933.0,0,135.0,,1.0,Semiurban,Y,2672.0
LP001299,Male,Yes,0,Graduate,No,3129.0,0,109.0,360.0,1.0,Rural,Y,4316.0
LP001300,Male,Yes,0,Not Graduate,No,7051.0,3024,370.0,360.0,0.0,Urban,N,
LP001301,Male,Yes,2,Graduate,Yes,5992.0,3770,318.0,360.0,1.0,Rural,Y,3137.0
LP001302,Male,Yes,1,Not Graduate,No,2053.0,2353,88.0,360.0,1.0,Semiurban,Y,
LP001303,Male,Yes,2,Graduate,No,3674.0,657,162.0,84.0,1.0,Urban,Y,1541.0
LP001304,Male,No,0,Graduate,No,4557.0,1119,173.0,360.0,1.0,Rural,Y,5053.0
LP001305,Female,Yes,2,Graduate,No,6006.0,2804,351.0,360.0,1.0,Semiurban,Y,2909.0
LP001306,Male,Yes,0,Graduate,No,6371.0,2024,310.0,360.0,0.0,Semiurban,N,
LP001307,Male,,0,Graduate,No,4807.0,397,180.0,360.0,1.0,Semiurban,Y,
LP001308,Male,Yes,0,Graduate,No,5505.0,0,203.0,360.0,1.0,Semiurban,Y,
LP001309,Male,Yes,0,Graduate,No,4354.0,2169,181.0,180.0,1.0,Rural,Y,
LP001310,Male,No,0,Graduate,No,3124.0,1222,128.0,180.0,1.0,Semiurban,Y,4307.0
LP001311,Male,Yes,0,Not Graduate,No,3761.0,0,176.0,120.0,1.0,,Y,
LP001312,Male,No,2,Graduate,No,4266.0,0,226.0,360.0,1.0,Semiurban,Y,
LP001313,Male,Yes,0,Not Graduate,No,4165.0,0,185.0,360.0,1.0,Rural,Y,
LP001314,Male,Yes,0,Graduate,No,1811.0,2478,132.0,360.0,1.0,Rural,Y,1026.0
LP001315,Male,Yes,0,Graduate,No,3537.0,0,131.0,180.0,0.0,Urban,N,
LP001316,Male,No,0,Graduate,No,4339.0,5293,282.0,360.0,1.0,Urban,Y,4228.0
LP001317,Male,No,0,Graduate,Yes,3727.0,2480,263.0,360.0,0.0,Semiurban,N,3210.0
LP001318,Male,Yes,0,Graduate,No,3785.0,2637,213.0,360.0,1.0,Semiurban,Y,
LP001319,Male,No,0,Graduate,No,5269.0,0,264.0,,1.0,Semiurban,Y,
LP001320,Female,Yes,2,Graduate,No,2603.0,940,162.0,240.0,0.0,Rural,N,2372.0
LP001321,Female,No,3+,Graduate,No,2033.0,2941,111.0,120.0,1.0,Rural,Y,2094.0
LP001322,Male,Yes,0,Graduate,Yes,3617.0,0,128.0,360.0,1.0,Semiurban,Y,
LP001323,Male,Yes,1,Graduate,No,5966.0,0,222.0,60.0,1.0,Semiurban,Y,5402.0
LP001324,Male,No,2,Not Graduate,No,9040.0,0,360.0,360.0,1.0,Urban,Y,1490.0
LP001325,Female,Yes,3+,Graduate,No,6015.0,0,239.0,360.0,0.0,Semiurban,N,5410.0
LP001326,Male,Yes,1,Not Graduate,No,2185.0,2145,216.0,360.0,1.0,Urban,Y,
LP001327,,Yes,2,Not Graduate,No,3810.0,316,133.0,360.0,1.0,Semiurban,Y,
LP001328,Male,Yes,2,Not Graduate,No,4748.0,2225,251.0,360.0,1.0,Semiurban,Y,5597.0
LP001329,Male,No,2,Not Graduate,,4582.0,2937,272.0,360.0,1.0,Semiurban,Y,
LP001330,Male,No,0,Graduate,No,5392.0,2611,281.0,360.0,1.0,Semiurban,Y,
LP001331,Male,No,0,Graduate,No,2800.0,1879,,360.0,0.0,Urban,N,
LP001332,Male,Yes,0,Graduate,No,4356.0,5352,282.0,240.0,1.0,Urban,Y,
LP001333,Male,Yes,0,Not Graduate,No,5111.0,0,207.0,360.0,0.0,Urban,N,5410.0
LP001334,Female,Yes,0,Graduate,No,6134.0,2598,323.0,360.0,,Rural,Y,
LP001335,Male,Yes,0,Graduate,No,2944.0,0,126.0,360.0,1.0,Rural,Y,3652.0
LP001336,Male,Yes,0,Not Graduate,No,3622.0,2484,221.0,240.0,1.0,Urban,Y,
LP001337,Male,No,,Graduate,No,1500.0,1166,124.0,360.0,1.0,Urban,Y,2160.0
LP001338,Male,No,2,Graduate,No,3198.0,463,163.0,360.0,,Semiurban,N,
LP001339,Male,No,0,Graduate,No,3341.0,0,135.0,360.0,1.0,Semiurban,Y,
LP001340,Female,Yes,0,Graduate,Yes,2674.0,3154,157.0,360.0,1.0,Urban,Y,
LP001341,Male,Yes,2,Graduate,No,4557.0,0,167.0,360.0,1.0,Urban,Y,
LP001342,Female,Yes,2,Not Graduate,No,4125.0,3232,240.0,360.0,1.0,Semiurban,Y,
LP001343,Male,Yes,3+,Graduate,No,1531.0,0,68.0,360.0,1.0,Urban,Y,3026.0
LP001344,Male,Yes,2,Graduate,No,4661.0,4328,283.0,360.0,0.0,Urban,N,
LP001345,Male,Yes,2,Graduate,No,2786.0,1674,130.0,360.0,1.0,Urban,Y,
LP001346,Male,Yes,0,Graduate,No,5264.0,0,181.0,360.0,1.0,Semiurban,Y,5201.0
LP001347,Female,No,0,Graduate,No,2376.0,0,54.0,360.0,1.0,Semiurban,Y,3317.0
LP001348,Male,Yes,0,Not Graduate,Yes,4288.0,4919,289.0,360.0,1.0,Urban,N,4640.0
LP001349,Male,No,1,Not Graduate,No,3724.0,718,130.0,360.0,1.0,,Y,
LP001350,Male,Yes,3+,Graduate,No,4848.0,0,169.0,360.0,1.0,Semiurban,Y,
LP001351,Male,Yes,0,Graduate,No,4474.0,0,169.0,360.0,1.0,Rural,Y,
LP001352,Male,Yes,0,Graduate,Yes,3771.0,5052,244.0,360.0,1.0,Rural,N,
LP001353,Male,Yes,0,Graduate,Yes,2119.0,2308,152.0,360.0,,Urban,N,
LP001354,Male,Yes,0,Graduate,No,2176.0,1676,147.0,360.0,0.0,Rural,N,
LP001355,Male,Yes,0,Graduate,No,3253.0,0,116.0,360.0,1.0,Semiurban,Y,
LP001356,Male,No,0,Graduate,No,4214.0,3365,242.0,360.0,1.0,Semiurban,Y,
LP001357,Male,Yes,3+,Not Graduate,No,3217.0,0,142.0,360.0,1.0,Urban,Y,1122.0
LP001358,Male,Yes,0,Graduate,,5605.0,0,206.0,360.0,1.0,Urban,Y,
LP001359,Male,Yes,2,Not Graduate,No,3731.0,4057,231.0,180.0,1.0,Urban,Y,
LP001360,Male,Yes,,Graduate,No,2740.0,0,140.0,360.0,1.0,Rural,Y,4425.0
LP001361,Female,Yes,0,Not Graduate,No,3733.0,3120,249.0,360.0,1.0,Semiurban,Y,
LP001362,Male,Yes,0,Graduate,No,4683.0,2052,,180.0,0.0,Semiurban,Y,
LP001363,Male,No,2,Graduate,No,4896.0,1934,267.0,360.0,0.0,Semiurban,N,
LP001364,Male,No,0,Not Graduate,No,9850.0,2792,414.0,360.0,,Urban,Y,
LP001365,Male,No,2,Not Graduate,No,3131.0,0,159.0,360.0,1.0,Urban,Y,
LP001366,Male,Yes,0,Graduate,No,4093.0,0,174.0,60.0,1.0,Semiurban,Y,
LP001367,Male,Yes,1,Graduate,No,5124.0,0,230.0,84.0,1.0,Semiurban,Y,
LP001368,Male,No,2,Graduate,No,4186.0,4351,286.0,360.0,1.0,Rural,Y,4092.0
LP001369,Male,Yes,0,Graduate,,3377.0,1008,162.0,180.0,0.0,Semiurban,N,1778.0
LP001370,Female,Yes,0,Graduate,No,2107.0,0,77.0,360.0,1.0,Semiurban,N,
LP001371,Male,Yes,3+,Not Graduate,No,3361.0,0,144.0,360.0,1.0,Rural,N,
LP001372,Male,No,0,Graduate,No,2609.0,0,97.0,360.0,1.0,Urban,Y,
LP001373,Male,Yes,0,Graduate,No,1945.0,1551,138.0,360.0,1.0,Semiurban,Y,3594.0
LP001374,Male,No,0,Graduate,No,2957.0,1340,112.0,360.0,1.0,Semiurban,Y,1890.0
LP001375,Male,No,0,Graduate,No,2641.0,1436,128.0,,1.0,Urban,Y,
LP001376,Male,Yes,2,Graduate,No,5501.0,5406,406.0,360.0,1.0,Urban,Y,1362.0
LP001377,Female,No,2,,No,5544.0,0,206.0,360.0,1.0,Urban,Y,
LP001378,Male,Yes,0,Graduate,No,2817.0,1095,134.0,360.0,1.0,Urban,Y,
LP001379,Male,Yes,2,Graduate,No,3763.0,10288,386.0,360.0,,Semiurban,Y,
LP001380,Male,Yes,0,Not Graduate,No,1833.0,0,82.0,360.0,1.0,Urban,Y,2777.0
LP001381,Male,No,0,Graduate,No,3386.0,1029,143.0,84.0,0.0,Semiurban,N,
LP001382,Female,Yes,0,Not Graduate,No,5062.0,0,198.0,360.0,1.0,Urban,Y,
LP001383,Male,Yes,3+,Graduate,No,6132.0,2081,319.0,,1.0,Urban,Y,
LP001384,Male,Yes,0,Graduate,Yes,3069.0,3320,188.0,360.0,1.0,Urban,Y,
LP001385,Male,Yes,0,Graduate,No,6791.0,6025,442.0,,1.0,Urban,Y,
LP001386,Female,Yes,0,Graduate,No,2139.0,2523,169.0,300.0,,Rural,Y,
LP001387,Male,Yes,2,Graduate,No,2413.0,0,,360.0,1.0,Urban,Y,2639.0
LP001388,Female,Yes,0,Graduate,No,5822.0,3204,316.0,360.0,1.0,Urban,Y,2751.0
LP001389,Male,No,0,Graduate,No,8973.0,1314,473.0,360.0,0.0,Urban,Y,3107.0
LP001390,Female,Yes,1,Graduate,No,5282.0,1075,265.0,240.0,1.0,Urban,Y,1900.0
LP001391,Male,No,0,Graduate,No,4154.0,695,192.0,240.0,1.0,Semiurban,Y,4984.0
LP001392,Male,Yes,0,Graduate,,1575.0,0,41.0,240.0,0.0,Rural,Y,2440.0
LP001393,Male,No,0,Graduate,No,1703.0,1167,95.0,360.0,1.0,Urban,Y,3756.0
LP001394,Male,Yes,0,Graduate,No,4484.0,986,240.0,360.0,1.0,Semiurban,Y,1973.0
LP001395,Male,Yes,,Graduate,No,3601.0,0,187.0,360.0,1.0,Semiurban,Y,
LP001396,Male,No,2,Graduate,No,2572.0,973,164.0,360.0,1.0,Rural,Y,
LP001397,Female,Yes,1,Graduate,Yes,4357.0,303,201.0,360.0,1.0,Semiurban,Y,2415.0
LP001398,Male,Yes,1,Graduate,No,4455.0,1068,174.0,360.0,1.0,Urban,Y,
LP001399,Male,No,3+,Graduate,No,6470.0,1506,309.0,360.0,1.0,Semiurban,Y,3589.0
LP001400,Male,No,0,Graduate,No,4498.0,0,149.0,240.0,0.0,Rural,N,
LP001401,Male,Yes,0,Not Graduate,No,7352.0,4973,381.0,180.0,1.0,Semiurban,Y,
LP001402,Female,Yes,3+,Graduate,No,4245.0,0,176.0,240.0,,Rural,Y,2141.0
LP001403,Male,No,0,Not Graduate,No,4016.0,3390,258.0,180.0,1.0,Rural,Y,
LP001404,Male,No,1,Not Graduate,No,6829.0,1976,345.0,,1.0,Urban,N,
LP001405,Female,No,2,Graduate,No,2724.0,1948,170.0,360.0,1.0,Rural,Y,
LP001406,Female,Yes,0,Graduate,No,15010.0,1210,480.0,360.0,1.0,Semiurban,Y,3056.0
LP001407,Male,No,0,Graduate,No,5008.0,1929,224.0,360.0,,,N,
LP001408,Female,Yes,0,Not Graduate,No,5021.0,1263,230.0,360.0,1.0,Semiurban,Y,1207.0
LP001409,Male,No,0,Graduate,No,5358.0,2213,232.0,360.0,1.0,Rural,Y,
LP001410,Female,Yes,0,Graduate,No,9845.0,1734,387.0,240.0,1.0,Semiurban,Y,983.0
LP001411,Male,No,0,Graduate,No,6043.0,1134,289.0,180.0,1.0,Semiurban,Y,3590.0
LP001412,Male,Yes,2,Graduate,No,2054.0,0,,84.0,1.0,Urban,Y,2073.0
LP001413,Male,Yes,2,Graduate,No,7955.0,2581,405.0,36.0,1.0,Semiurban,Y,2085.0
LP001414,Female,No,2,Graduate,,3629.0,1527,211.0,120.0,1.0,Rural,Y,
LP001415,Male,Yes,0,Graduate,No,4439.0,2180,217.0,360.0,1.0,Semiurban,Y,
LP001416,Male,No,0,Not Graduate,Yes,2379.0,1900,157.0,120.0,1.0,Urban,Y,1457.0
LP001417,Male,Yes,0,Graduate,No,5360.0,0,198.0,240.0,1.0,Rural,Y,1244.0
LP001418,Male,Yes,0,Graduate,No,3155.0,2085,132.0,120.0,1.0,Rural,Y,
LP001419,Male,Yes,3+,Graduate,No,4425.0,0,180.0,360.0,1.0,Semiurban,Y,1074.0
LP001420,Female,Yes,0,Not Graduate,Yes,3723.0,0,,360.0,1.0,Urban,Y,
LP001421,Male,Yes,0,Not Graduate,No,10059.0,755,410.0,300.0,1.0,Semiurban,Y,
LP001422,Male,Yes,2,Graduate,No,10322.0,0,462.0,360.0,1.0,Urban,Y,1758.0
LP001423,Male,Yes,0,Graduate,Yes,4320.0,0,,360.0,0.0,Urban,N,
LP001424,Male,No,0,Graduate,No,4354.0,1317,217.0,360.0,,Semiurban,Y,1501.0
LP001425,Male,No,0,Not Graduate,Yes,3576.0,9067,345.0,360.0,1.0,Rural,Y,
LP001426,Male,No,1,Graduate,No,6958.0,3400,386.0,360.0,0.0,Urban,N,2541.0
LP001427,Male,Yes,2,Graduate,No,3648.0,0,,60.0,,Rural,Y,
LP001428,Female,Yes,0,Graduate,No,3500.0,3220,230.0,120.0,1.0,Rural,Y,
LP001429,Male,,2,Graduate,No,6571.0,6074,391.0,300.0,1.0,Urban,Y,7173.0
LP001430,Male,No,2,Graduate,Yes,3320.0,1246,145.0,360.0,1.0,Urban,Y,
LP001431,Female,No,2,,No,4159.0,430,200.0,360.0,1.0,Semiurban,Y,3172.0
LP001432,Male,Yes,0,Graduate,Yes,2076.0,0,127.0,360.0,0.0,Semiurban,Y,
LP001433,Male,No,0,Not Graduate,No,5807.0,2793,314.0,360.0,1.0,Semiurban,Y,
LP001434,Female,Yes,2,Graduate,No,10131.0,0,383.0,360.0,1.0,Semiurban,Y,
LP001435,Male,Yes,0,Graduate,Yes,5852.0,2357,301.0,180.0,1.0,Semiurban,Y,4519.0
LP001436,Male,Yes,1,Graduate,No,8167.0,0,387.0,60.0,,Semiurban,N,
LP001437,Male,Yes,2,Not Graduate,Yes,2891.0,2513,181.0,360.0,1.0,Semiurban,Y,
LP001438,Male,No,0,Graduate,No,4705.0,0,225.0,360.0,0.0,Urban,Y,1106.0
LP001439,Male,No,2,Graduate,No,2767.0,1137,121.0,360.0,1.0,Urban,Y,
LP001440,Male,Yes,3+,Graduate,No,3818.0,0,152.0,360.0,1.0,Urban,Y,
LP001441,Female,Yes,1,Graduate,No,5988.0,5263,387.0,360.0,1.0,Rural,Y,
LP001442,Male,No,0,Graduate,No,4429.0,0,187.0,360.0,1.0,Rural,Y,
LP001443,Male,No,2,Graduate,No,2240.0,0,70.0,360.0,1.0,Rural,Y,
LP001444,Male,Yes,0,Graduate,No,2341.0,1376,108.0,360.0,0.0,Urban,N,1495.0
LP001445,Male,Yes,,Graduate,No,2272.0,1354,149.0,240.0,1.0,Semiurban,Y,
LP001446,Male,Yes,2,Graduate,No,5277.0,1306,274.0,360.0,1.0,Urban,Y,
LP001447,Female,Yes,1,Not Graduate,No,10708.0,925,480.0,,1.0,Urban,Y,5284.0
LP001448,Male,No,0,Graduate,No,7810.0,812,378.0,360.0,1.0,Urban,Y,1712.0
LP001449,Male,Yes,0,Graduate,Yes,1802.0,1778,120.0,360.0,1.0,Rural,Y,
LP001450,Male,No,0,Graduate,No,8018.0,0,313.0,360.0,1.0,Urban,Y,2435.0
LP001451,Male,Yes,0,Graduate,No,6447.0,3883,389.0,180.0,1.0,Semiurban,Y,
LP001452,Female,Yes,0,Graduate,No,2110.0,2382,162.0,120.0,0.0,Rural,N,
LP001453,Male,No,1,Graduate,No,3691.0,2343,182.0,360.0,1.0,Semiurban,Y,2111.0
LP001454,Male,Yes,0,Graduate,No,6926.0,1279,283.0,360.0,1.0,Urban,Y,4640.0
LP001455,Male,Yes,,Graduate,No,5419.0,1858,276.0,360.0,1.0,Rural,Y,4593.0
LP001456,Male,No,2,Not Graduate,No,2347.0,2481,151.0,360.0,0.0,Semiurban,N,
LP001457,Female,No,0,Not Graduate,No,5568.0,3071,299.0,360.0,1.0,Semiurban,Y,
LP001458,Male,Yes,1,Graduate,No,1617.0,0,91.0,120.0,1.0,Semiurban,Y,
LP001459,Male,Yes,1,Graduate,No,3827.0,3818,268.0,360.0,1.0,Rural,Y,2102.0
LP001460,Male,Yes,0,Graduate,,7059.0,2008,366.0,360.0,1.0,Semiurban,Y,
LP001461,Male,Yes,0,Graduate,,4265.0,3215,203.0,360.0,0.0,Semiurban,N,
LP001462,Male,Yes,2,Graduate,Yes,3379.0,1489,179.0,360.0,0.0,Semiurban,N,2175.0
LP001463,Female,Yes,3+,Graduate,No,6312.0,0,270.0,300.0,1.0,Urban,Y,
LP001464,Male,No,1,Graduate,No,6559.0,0,224.0,360.0,1.0,Rural,Y,
LP001465,Male,No,2,Graduate,No,7628.0,0,289.0,360.0,1.0,,N,5359.0
LP001466,Male,No,3+,Not Graduate,No,6270.0,2822,300.0,360.0,1.0,Semiurban,Y,
LP001467,Male,No,0,Graduate,No,6882.0,0,276.0,180.0,0.0,Semiurban,Y,4604.0
LP001468,Female,No,1,Graduate,No,5883.0,1621,317.0,360.0,,Urban,Y,5318.0
LP001469,Male,No,0,Graduate,Yes,4767.0,1231,272.0,360.0,1.0,Semiurban,Y,
LP001470,Male,,3+,Graduate,No,4404.0,2782,225.0,360.0,1.0,Semiurban,Y,1851.0
LP001471,Male,Yes,0,Graduate,No,3802.0,0,,360.0,1.0,Urban,Y,
LP001472,Male,Yes,0,Not Graduate,No,2451.0,1427,148.0,240.0,1.0,Urban,Y,
LP001473,Male,Yes,2,Graduate,No,2752.0,0,120.0,360.0,1.0,Rural,N,6219.0
LP001474,Male,Yes,0,Graduate,No,3726.0,1176,188.0,360.0,1.0,Rural,Y,
LP001475,Male,Yes,2,Graduate,No,4716.0,0,196.0,360.0,1.0,Semiurban,Y,
LP001476,Male,Yes,0,Graduate,,8090.0,0,366.0,360.0,1.0,Urban,Y,2605.0
LP001477,Male,Yes,3+,Graduate,Yes,4151.0,0,194.0,360.0,0.0,Urban,N,2661.0
LP001478,Male,Yes,2,Graduate,Yes,6645.0,1612,280.0,180.0,1.0,Urban,Y,
LP001479,Male,Yes,0,,No,6875.0,0,295.0,360.0,1.0,Semiurban,Y,
LP001480,Male,No,2,Graduate,No,3812.0,2193,230.0,,,Rural,N,
LP001481,Male,No,0,Graduate,No,5528.0,385,239.0,360.0,,Semiurban,Y,
LP001482,Male,Yes,1,Graduate,Yes,3791.0,1160,209.0,360.0,1.0,Urban,Y,
LP001483,Male,Yes,1,Not Graduate,No,7669.0,0,311.0,,,Rural,Y,
LP001484,Male,Yes,2,Graduate,No,5631.0,0,230.0,360.0,1.0,Semiurban,Y,2085.0
LP001485,Male,No,0,Graduate,,2476.0,2318,160.0,360.0,1.0,Urban,Y,
LP001486,Male,No,0,Graduate,No,4549.0,0,132.0,360.0,0.0,Semiurban,N,
LP001487,Male,Yes,1,Graduate,No,8881.0,1648,394.0,84.0,1.0,Urban,Y,
LP001488,Male,No,0,Graduate,Yes,3899.0,0,139.0,360.0,,Rural,Y,
LP001489,Male,Yes,0,Graduate,No,5174.0,2428,238.0,360.0,1.0,Urban,Y,4431.0
LP001490,Male,Yes,0,Graduate,Yes,5408.0,0,252.0,360.0,1.0,Semiurban,Y,3549.0
LP001491,Male,No,0,Graduate,No,2653.0,1820,164.0,360.0,1.0,Semiurban,Y,
LP001492,Male,Yes,2,Graduate,No,5323.0,0,212.0,360.0,0.0,Rural,N,
LP001493,Male,Yes,0,Not Graduate,No,2259.0,7670,268.0,360.0,1.0,Semiurban,Y,9458.0
LP001494,Male,Yes,,Not Graduate,No,3192.0,0,135.0,360.0,1.0,Semiurban,Y,
LP001495,Male,Yes,3+,Graduate,No,6864.0,1583,339.0,240.0,1.0,Urban,Y,3466.0
LP001496,Male,No,0,Graduate,No,4967.0,1994,228.0,240.0,1.0,Rural,Y,
LP001497,Male,No,1,Graduate,No,3689.0,0,147.0,360.0,1.0,Semiurban,Y,4411.0
LP001498,Male,Yes,0,Not Graduate,No,5171.0,0,229.0,84.0,1.0,Urban,Y,
LP001499,Male,Yes,2,Graduate,No,4117.0,0,116.0,36.0,1.0,Rural,Y,
LP001500,Male,No,1,Graduate,No,4254.0,0,169.0,360.0,,Urban,Y,
LP001501,Male,Yes,2,Graduate,No,5685.0,0,217.0,360.0,1.0,Urban,Y,
LP001502,Female,No,0,Not Graduate,Yes,3049.0,1868,165.0,360.0,1.0,Semiurban,Y,2263.0
LP001503,Female,No,0,Graduate,No,4308.0,1876,207.0,360.0,1.0,Urban,Y,4326.0
LP001504,Male,Yes,2,Graduate,No,3676.0,0,150.0,360.0,1.0,Semiurban,Y,
LP001505,Male,No,0,Not Graduate,No,2072.0,1785,176.0,360.0,1.0,Urban,N,2391.0
LP001506,Male,Yes,0,Graduate,No,2796.0,0,,84.0,1.0,Urban,Y,
LP001507,Male,Yes,0,Not Graduate,No,8567.0,3140,428.0,360.0,0.0,Urban,N,
LP001508,Female,Yes,3+,Graduate,Yes,5030.0,0,251.0,180.0,1.0,Urban,Y,
LP001509,Male,Yes,1,Graduate,No,2332.0,1064,106.0,360.0,1.0,Rural,Y,
LP001510,Male,No,1,Not Graduate,No,2115.0,700,147.0,360.0,0.0,Semiurban,N,
LP001511,Male,No,1,Graduate,,4022.0,0,161.0,240.0,1.0,Semiurban,Y,3579.0
LP001512,Female,No,0,Graduate,No,8540.0,0,386.0,360.0,1.0,Semiurban,Y,3837.0
LP001513,Male,No,0,Graduate,No,3889.0,0,174.0,360.0,1.0,Semiurban,Y,
LP001514,,Yes,0,Graduate,No,7617.0,848,334.0,360.0,1.0,Urban,Y,3070.0
LP001515,Male,Yes,1,Graduate,No,4956.0,5831,342.0,360.0,1.0,Urban,Y,2797.0
LP001516,Male,No,0,Graduate,No,5229.0,1387,228.0,,1.0,Semiurban,Y,
LP001517,Male,No,2,Graduate,No,2319.0,2210,150.0,360.0,1.0,Semiurban,Y,
LP001518,Male,Yes,2,Graduate,No,6450.0,3336,364.0,360.0,1.0,Rural,Y,1733.0
LP001519,Male,Yes,0,Graduate,No,3638.0,1105,173.0,360.0,1.0,Rural,Y,
LP001520,Female,Yes,0,Graduate,No,6238.0,1440,278.0,360.0,1.0,Rural,Y,3032.0
LP001521,Female,Yes,0,Graduate,No,2933.0,2225,167.0,360.0,1.0,Urban,Y,
LP001522,Male,No,3+,Graduate,No,4581.0,0,208.0,360.0,1.0,Urban,Y,2334.0
LP001523,Male,Yes,2,Not Graduate,No,4956.0,2394,289.0,360.0,1.0,Urban,Y,
LP001524,Male,No,3+,Graduate,No,3947.0,0,141.0,360.0,1.0,Rural,Y,
LP001525,Male,No,0,Graduate,No,5075.0,0,186.0,360.0,1.0,Rural,Y,
LP001526,Male,No,0,Graduate,No,3752.0,2492,222.0,360.0,1.0,Rural,Y,5277.0
LP001527,,Yes,0,Not Graduate,Yes,3159.0,0,165.0,360.0,1.0,Urban,N,
LP001528,Female,Yes,0,Graduate,No,8712.0,0,377.0,360.0,0.0,Rural,N,957.0
LP001529,Male,No,0,Graduate,No,6782.0,0,240.0,84.0,1.0,Semiurban,Y,
LP001530,Male,No,0,Graduate,No,3004.0,5221,244.0,360.0,1.0,Rural,Y,
LP001531,Male,Yes,3+,Graduate,No,5463.0,2253,252.0,360.0,1.0,Semiurban,Y,
LP001532,,No,0,Graduate,No,3028.0,0,114.0,360.0,0.0,Urban,N,
LP001533,Male,Yes,0,Not Graduate,No,2482.0,0,139.0,360.0,1.0,Urban,Y,
LP001534,Male,No,2,Graduate,No,6736.0,2958,308.0,360.0,1.0,Rural,Y,1527.0
LP001535,Male,Yes,1,Graduate,No,1965.0,1733,81.0,360.0,1.0,Semiurban,Y,2036.0
LP001536,Male,Yes,2,Graduate,No,6419.0,0,236.0,360.0,1.0,Urban,N,
LP001537,Male,Yes,1,Graduate,No,3775.0,1200,188.0,360.0,0.0,Urban,N,
LP001538,Male,Yes,2,Graduate,No,3846.0,913,192.0,360.0,1.0,Urban,Y,
LP001539,Male,Yes,1,Graduate,No,5087.0,0,214.0,180.0,1.0,Rural,Y,5054.0
LP001540,Female,Yes,0,Graduate,Yes,5495.0,2036,300.0,360.0,1.0,Urban,Y,
LP001541,Female,Yes,1,Graduate,No,2917.0,1621,,300.0,1.0,Urban,Y,5700.0
LP001542,Male,No,0,Not Graduate,No,5843.0,4173,368.0,360.0,1.0,Rural,Y,3196.0
LP001543,Female,Yes,0,Graduate,No,4452.0,1200,200.0,180.0,1.0,Semiurban,Y,
LP001544,Female,No,0,Graduate,No,2404.0,2411,175.0,360.0,1.0,Urban,Y,4058.0
LP001545,Male,No,0,Graduate,Yes,3919.0,2081,176.0,360.0,1.0,Urban,Y,2194.0
LP001546,Male,Yes,2,Graduate,No,7876.0,785,335.0,360.0,1.0,Urban,Y,
LP001547,Male,Yes,0,Graduate,No,8995.0,906,388.0,360.0,1.0,Urban,Y,
LP001548,Male,No,0,Not Graduate,No,5842.0,2013,313.0,360.0,0.0,Urban,N,
LP001549,Male,No,0,Graduate,No,2476.0,6560,223.0,360.0,1.0,Urban,Y,
LP001550,Male,Yes,2,Not Graduate,No,5275.0,2829,282.0,360.0,,Semiurban,Y,
LP001551,Male,No,0,Not Graduate,No,6204.0,0,,360.0,1.0,Rural,Y,
LP001552,Male,Yes,,Graduate,No,5864.0,0,247.0,300.0,1.0,Rural,Y,1948.0
LP001553,Male,Yes,2,Graduate,No,6022.0,3102,338.0,360.0,,Semiurban,Y,
LP001554,Female,No,0,Graduate,No,4981.0,1886,279.0,,1.0,Urban,Y,
LP001555,Male,Yes,2,Graduate,No,4095.0,0,150.0,360.0,1.0,Rural,Y,
LP001556,Male,No,0,Not Graduate,No,3217.0,1178,181.0,360.0,1.0,Rural,N,
LP001557,Male,Yes,0,Graduate,No,1801.0,0,106.0,120.0,1.0,Semiurban,Y,2333.0
LP001558,Male,No,1,Not Graduate,No,4929.0,0,156.0,360.0,1.0,Urban,Y,
LP001559,Male,Yes,2,Graduate,No,4600.0,1528,238.0,360.0,1.0,Urban,Y,
LP001560,Male,Yes,0,Graduate,No,5437.0,0,241.0,360.0,1.0,Semiurban,Y,
LP001561,Male,Yes,0,Graduate,No,2317.0,2029,137.0,360.0,,Semiurban,Y,
LP001562,Male,Yes,0,Graduate,No,5655.0,0,196.0,360.0,1.0,Urban,N,
LP001563,Female,No,0,Graduate,Yes,10663.0,1981,480.0,36.0,,Rural,Y,
LP001564,Male,Yes,1,Graduate,No,4382.0,0,145.0,360.0,0.0,Semiurban,N,
LP001565,Male,Yes,1,Graduate,No,4114.0,1514,198.0,,,Semiurban,Y,
LP001566,Male,Yes,1,Not Graduate,,4861.0,901,216.0,360.0,1.0,Urban,Y,3835.0
LP001567,Male,Yes,0,Graduate,No,10557.0,0,440.0,360.0,1.0,Rural,Y,
LP001568,Male,No,1,Graduate,No,2669.0,0,91.0,60.0,1.0,Semiurban,Y,
LP001569,Male,Yes,,Graduate,No,4635.0,0,168.0,360.0,1.0,Urban,Y,
LP001570,Male,No,1,Graduate,Yes,2952.0,1921,169.0,360.0,1.0,Semiurban,Y,
LP001571,Male,Yes,0,Not Graduate,No,3307.0,2080,209.0,360.0,,Semiurban,Y,6693.0
LP001572,Female,No,0,Graduate,No,4137.0,1584,262.0,360.0,1.0,Rural,Y,
LP001573,Male,Yes,0,Graduate,No,7757.0,1977,322.0,360.0,1.0,Urban,Y,2518.0
LP001574,Male,Yes,0,Graduate,Yes,9513.0,1951,437.0,360.0,1.0,Rural,Y,3326.0
LP001575,Female,No,0,Graduate,No,5175.0,2219,235.0,180.0,1.0,Semiurban,Y,2472.0
LP001576,Male,No,0,,No,3571.0,486,180.0,360.0,1.0,Urban,Y,
LP001577,Female,No,,Not Graduate,Yes,12987.0,6177,480.0,360.0,1.0,Urban,Y,2891.0
LP001578,Male,Yes,0,Graduate,No,3490.0,1829,168.0,360.0,1.0,Urban,Y,
LP001579,Female,Yes,2,Graduate,Yes,3271.0,2831,187.0,360.0,0.0,Urban,N,2861.0
LP001580,Male,No,0,Graduate,No,1903.0,0,74.0,360.0,,Semiurban,Y,
LP001581,Male,Yes,2,Graduate,No,7929.0,0,325.0,360.0,1.0,Semiurban,Y,2769.0
LP001582,Male,No,0,Not Graduate,No,6540.0,0,274.0,360.0,0.0,Urban,N,1944.0
LP001583,Male,Yes,0,Graduate,No,12557.0,4826,480.0,240.0,1.0,Rural,Y,
LP001584,Male,Yes,1,Graduate,No,2264.0,0,57.0,360.0,1.0,Urban,Y,
LP001585,Female,No,3+,Graduate,No,8153.0,3149,,360.0,1.0,Semiurban,Y,
LP001586,Male,No,0,Graduate,No,4366.0,1353,,360.0,1.0,Rural,Y,4668.0
LP001587,Male,Yes,0,Not Graduate,No,6080.0,1523,310.0,360.0,1.0,Rural,Y,2326.0
LP001588,Male,Yes,1,Graduate,No,2015.0,1724,106.0,360.0,1.0,Semiurban,Y,4732.0
LP001589,Male,,1,Graduate,No,8190.0,0,288.0,180.0,1.0,Semiurban,Y,
LP001590,Male,Yes,0,Graduate,No,6027.0,643,256.0,360.0,1.0,Urban,Y,5262.0
LP001591,Female,Yes,0,Graduate,No,4157.0,0,199.0,360.0,1.0,Urban,Y,5972.0
LP001592,Male,Yes,0,Graduate,Yes,5655.0,621,246.0,36.0,1.0,Semiurban,Y,
LP001593,Male,No,3+,Graduate,No,2997.0,1041,141.0,360.0,1.0,Urban,Y,2732.0
LP001594,Male,No,0,Graduate,No,3259.0,1228,139.0,360.0,0.0,Urban,N,
LP001595,Male,Yes,0,Graduate,No,3434.0,758,,,1.0,Urban,Y,
LP001596,Male,Yes,3+,Graduate,No,1838.0,0,48.0,360.0,,Rural,N,
LP001597,Male,Yes,0,Graduate,No,6234.0,597,246.0,360.0,1.0,Rural,Y,
LP001598,Male,Yes,0,Graduate,No,7232.0,1085,331.0,360.0,1.0,Rural,Y,2479.0
LP001599,Female,Yes,0,Graduate,No,3085.0,4106,180.0,360.0,1.0,Semiurban,Y,1248.0
LP001600,Male,Yes,0,Not Graduate,Yes,4948.0,0,230.0,360.0,1.0,Urban,Y,
LP001601,Male,No,0,Graduate,No,3754.0,0,166.0,360.0,1.0,Urban,Y,2951.0
LP001602,Male,Yes,0,Graduate,No,4904.0,1095,246.0,240.0,0.0,Semiurban,Y,4648.0
LP001603,Female,Yes,2,Graduate,Yes,3189.0,0,142.0,360.0,1.0,Semiurban,Y,
LP001604,,Yes,1,Graduate,Yes,2843.0,1009,135.0,180.0,1.0,Urban,Y,
LP001605,Female,No,0,Graduate,,6792.0,1947,294.0,360.0,1.0,Semiurban,Y,
LP001606,Male,Yes,0,Graduate,No,4110.0,3364,245.0,360.0,1.0,Semiurban,Y,
LP001607,Female,Yes,0,Not Graduate,No,10509.0,0,396.0,360.0,1.0,Urban,Y,
LP001608,Male,No,3+,Graduate,No,4319.0,2917,258.0,360.0,0.0,Urban,N,
LP001609,Male,Yes,0,Graduate,No,2789.0,0,132.0,360.0,1.0,Semiurban,Y,4036.0
LP001610,Male,Yes,1,Graduate,No,7348.0,2028,382.0,360.0,1.0,Semiurban,Y,
LP001611,Male,No,0,Graduate,No,5619.0,1648,275.0,,1.0,Rural,Y,2933.0
LP001612,Male,Yes,1,Graduate,No,5867.0,0,,360.0,1.0,Semiurban,Y,1410.0
LP001613,Female,Yes,0,Not Graduate,No,7228.0,0,282.0,360.0,0.0,Semiurban,N,1938.0
LP001614,Female,Yes,2,Graduate,No,3153.0,0,114.0,360.0,0.0,Rural,N,
LP001615,Male,Yes,,Graduate,No,3995.0,1736,215.0,360.0,1.0,Urban,Y,
LP001616,Male,No,2,Graduate,No,3916.0,4134,250.0,360.0,0.0,Semiurban,N,5725.0
LP001617,Male,Yes,0,Graduate,No,2366.0,0,101.0,360.0,1.0,Semiurban,Y,
LP001618,Male,Yes,2,Not Graduate,Yes,3757.0,0,124.0,360.0,1.0,Semiurban,Y,
