Loan_ID,Gender,Married,Dependents,Education,Self_Employed,ApplicantIncome,CoapplicantIncome,LoanAmount,Loan_Amount_Term,Credit_History,Property_Area,Loan_Status
LP001001,Male,Yes,0,Not Graduate,No,1686,1020,80,360,1,Semiurban,Y
LP001002,Male,Yes,0,Not Graduate,No,2437,1201,122,360,1,Urban,Y
LP001003,Female,No,0,Graduate,No,8313,1065,319,360,1,Urban,Y
LP001004,Male,Yes,0,Graduate,No,5069,0,218,360,1,Semiurban,Y
LP001005,Male,No,2,Graduate,No,3002,2283,194,360,0,Urban,N
LP001006,Female,Yes,0,Graduate,No,3918,1966,219,360,1,,Y
LP001007,Male,No,0,Graduate,No,4255,2274,205,360,1,Rural,Y
LP001008,,Yes,0,Not Graduate,Yes,5890,2699,305,360,1,Urban,Y
LP001009,Male,No,0,Not Graduate,No,2296,1371,104,360,1,Semiurban,Y
LP001010,Male,Yes,0,Graduate,No,2897,4815,228,240,1,Semiurban,Y
LP001011,Male,Yes,1,Graduate,No,4783,0,245,360,1,Urban,Y
LP001012,Female,No,0,Not Graduate,No,4044,1541,203,360,1,Urban,Y
LP001013,Male,No,2,Not Graduate,No,5472,0,189,360,1,Urban,Y
LP001014,Female,No,3+,Graduate,No,2433,664,118,360,,Urban,Y
LP001015,Male,Yes,0,Graduate,No,4968,1243,196,360,1,Urban,Y
LP001016,Male,Yes,0,Not Graduate,No,6913,3600,337,360,1,Urban,Y
LP001017,Male,,0,Graduate,No,5266,0,185,360,1,Urban,Y
LP001018,Male,Yes,1,Graduate,No,4503,0,169,360,1,Rural,Y
LP001019,Female,No,0,Not Graduate,Yes,4052,4948,309,360,1,Urban,Y
LP001020,Male,No,2,Not Graduate,No,2905,1601,171,180,1,Urban,Y
LP001021,Male,No,2,Not Graduate,No,4095,0,177,360,0,Semiurban,N
LP001022,Male,No,2,Not Graduate,Yes,7457,3911,369,360,0,Urban,N
LP001023,Female,No,0,Graduate,Yes,4010,0,147,360,1,Semiurban,Y
LP001024,Female,No,3+,Graduate,No,2834,3363,204,360,1,Urban,Y
LP001025,Male,Yes,0,,No,3390,0,120,360,1,Semiurban,Y
LP001026,Male,Yes,0,Graduate,No,4630,0,178,360,1,Semiurban,Y
LP001027,Male,Yes,0,Graduate,,3576,0,154,360,1,Semiurban,Y
LP001028,,No,3+,Graduate,No,5263,2454,263,,1,,Y
LP001029,Male,Yes,0,Graduate,No,5352,4003,320,360,0,Semiurban,N
LP001030,Male,Yes,2,Graduate,No,6311,1789,337,360,0,Urban,N
LP001031,Male,No,0,Graduate,Yes,8027,932,340,360,1,Urban,Y
LP001032,Female,Yes,3+,Graduate,No,6622,0,294,360,1,Semiurban,Y
LP001033,Male,Yes,0,Graduate,No,2778,0,125,360,1,Urban,Y
LP001034,Male,No,0,Graduate,No,2817,0,76,180,1,Urban,Y
LP001035,Male,No,3+,Not Graduate,Yes,4088,2531,199,180,0,Semiurban,N
LP001036,Male,Yes,0,Graduate,Yes,3453,0,117,360,1,Urban,Y
LP001037,Male,No,0,Graduate,No,2535,3164,159,360,,Urban,Y
LP001038,Male,Yes,1,Graduate,No,3468,0,136,360,1,Semiurban,Y
LP001039,Male,No,0,Graduate,No,3417,0,152,360,1,Semiurban,Y
LP001040,Male,Yes,0,Graduate,,3126,0,156,360,1,Rural,Y
LP001041,Male,Yes,0,Graduate,No,3670,0,155,360,1,Rural,N
LP001042,Female,Yes,0,Graduate,No,7189,435,287,360,1,Rural,Y
LP001043,Male,Yes,2,Graduate,No,4627,3225,214,120,1,Semiurban,Y
LP001044,Male,No,1,Graduate,No,12866,0,480,360,1,Urban,Y
LP001045,Female,Yes,0,Graduate,No,4568,1562,222,360,1,Semiurban,Y
LP001046,Male,Yes,0,Graduate,No,3713,5516,291,360,1,Semiurban,Y
LP001047,Male,Yes,0,Graduate,No,4238,1302,,360,,Semiurban,Y
LP001048,,No,1,Graduate,No,4748,1329,254,360,1,Urban,Y
LP001049,Male,No,3+,Not Graduate,,5145,1848,272,300,1,Urban,Y
LP001050,Male,No,3+,Graduate,No,10770,2561,471,180,1,Urban,Y
LP001051,Male,Yes,0,Graduate,No,2892,1533,141,360,1,Urban,Y
LP001052,Male,Yes,0,Graduate,No,6227,777,266,180,1,,Y
LP001053,Male,Yes,0,Graduate,Yes,4645,1189,196,360,1,Rural,Y
LP001054,Male,Yes,0,Graduate,No,2086,0,96,360,1,Urban,Y
LP001055,Male,No,0,Not Graduate,Yes,5984,2090,301,360,1,Semiurban,Y
LP001056,Male,No,1,Not Graduate,Yes,7483,2619,338,360,1,Rural,Y
LP001057,Male,Yes,0,Graduate,No,2876,0,145,360,1,Urban,Y
LP001058,Male,Yes,0,Graduate,No,4213,1345,205,360,1,Semiurban,Y
LP001059,Male,No,0,Not Graduate,No,1946,5467,171,360,1,Semiurban,Y
LP001060,Male,Yes,0,Graduate,No,2401,0,95,120,1,Urban,Y
LP001061,Male,Yes,0,Graduate,No,6779,1531,316,360,1,Semiurban,Y
LP001062,Male,Yes,0,Graduate,No,3429,3857,258,240,0,Rural,N
LP001063,Male,Yes,1,Graduate,Yes,2568,1295,127,360,1,Semiurban,Y
LP001064,,Yes,0,Graduate,No,4690,0,208,120,0,Rural,N
LP001065,Male,Yes,0,Graduate,No,3344,0,138,360,,Rural,Y
LP001066,Male,Yes,0,Not Graduate,No,3423,1999,154,360,0,Urban,N
LP001067,Male,Yes,2,Graduate,No,5900,0,201,360,0,Semiurban,Y
LP001068,Male,Yes,0,Graduate,No,2508,0,128,120,0,Semiurban,N
LP001069,Male,Yes,2,Graduate,No,2815,0,142,360,1,Semiurban,Y
LP001070,Male,No,3+,Graduate,No,4534,0,189,,1,Semiurban,Y
LP001071,Male,No,1,Graduate,No,6544,2430,360,180,1,Semiurban,Y
LP001072,Male,Yes,1,Graduate,No,7385,2044,373,360,1,Rural,Y
LP001073,Female,Yes,0,Graduate,No,3136,2051,194,120,,Urban,N
LP001074,Male,No,3+,Graduate,No,6450,2316,293,360,0,Semiurban,N
LP001075,Male,Yes,0,Graduate,Yes,2972,1964,211,360,1,Urban,Y
LP001076,Male,Yes,3+,Graduate,No,9622,0,398,360,1,Semiurban,Y
LP001077,Male,No,0,Graduate,No,2540,0,92,360,1,Semiurban,Y
LP001078,Male,Yes,,Graduate,No,7691,0,291,360,1,Rural,Y
LP001079,Male,No,0,Graduate,No,3148,0,132,360,,Semiurban,Y
LP001080,Male,Yes,1,Not Graduate,No,10467,0,377,360,1,Semiurban,Y
LP001081,Male,No,0,Graduate,No,5520,0,238,180,1,Urban,Y
LP001082,Male,Yes,0,Graduate,Yes,2678,0,83,120,0,Urban,N
LP001083,Female,Yes,1,Graduate,No,3344,815,163,360,1,Urban,Y
LP001084,Male,Yes,2,Graduate,No,6012,2143,281,360,,Rural,Y
LP001085,Male,Yes,0,Graduate,No,6793,1141,294,360,1,Urban,Y
LP001086,Male,No,0,Graduate,,4098,1532,183,240,0,Rural,N
LP001087,Male,Yes,0,Graduate,No,4316,3741,262,180,0,Urban,N
LP001088,Male,Yes,2,Graduate,No,5951,0,285,360,1,Semiurban,Y
LP001089,Male,No,0,Graduate,No,4489,2810,284,360,1,Semiurban,Y
LP001090,Male,No,2,Graduate,No,2364,0,103,120,1,Semiurban,Y
LP001091,Male,Yes,0,Not Graduate,No,2934,6016,267,240,1,Semiurban,Y
LP001092,Male,Yes,0,Not Graduate,No,4702,0,209,,,Semiurban,Y
LP001093,Male,No,0,Graduate,No,7310,5000,446,240,1,Rural,Y
LP001094,Male,No,0,Not Graduate,No,8753,0,329,360,1,Semiurban,Y
LP001095,Male,No,2,Graduate,No,6008,2825,309,360,1,Urban,Y
LP001096,Male,No,0,Not Graduate,No,4814,1196,177,180,,Urban,Y
LP001097,Male,No,0,Not Graduate,No,5925,2188,,360,,Semiurban,N
LP001098,Male,Yes,3+,Graduate,Yes,3134,1506,215,360,1,Semiurban,N
LP001099,Male,Yes,3+,Graduate,,3948,2033,211,120,1,Semiurban,Y
LP001100,Female,Yes,2,Not Graduate,No,2919,0,64,240,,Semiurban,Y
LP001101,Female,No,0,Not Graduate,No,2412,588,126,360,0,Semiurban,N
LP001102,Male,No,,Not Graduate,No,4915,3917,272,360,1,Rural,Y
LP001103,Male,Yes,2,Graduate,No,4598,0,167,180,1,Semiurban,Y
LP001104,Female,Yes,0,Graduate,No,5764,0,246,360,1,Semiurban,Y
LP001105,Male,Yes,0,Not Graduate,No,5409,1428,258,36,1,Semiurban,Y
LP001106,Male,No,2,Graduate,No,4718,2478,238,360,0,Rural,N
LP001107,Male,Yes,0,Graduate,No,5434,1169,230,360,1,Semiurban,Y
LP001108,Male,Yes,0,Graduate,Yes,4150,516,182,360,1,Rural,Y
LP001109,Male,Yes,3+,Graduate,No,5094,2551,257,240,1,Urban,Y
LP001110,Female,Yes,1,Graduate,No,3051,2728,163,60,1,Semiurban,Y
LP001111,Male,Yes,0,Graduate,,4996,0,192,360,1,Semiurban,Y
LP001112,Male,Yes,0,Graduate,No,5715,1004,262,360,1,Semiurban,Y
LP001113,Male,Yes,0,Graduate,No,3130,2108,,180,1,Urban,Y
LP001114,Male,Yes,0,Not Graduate,No,4330,0,138,360,1,Semiurban,Y
LP001115,Male,Yes,2,Graduate,No,3195,1079,180,,0,Urban,N
LP001116,Female,Yes,2,Graduate,No,3338,0,65,120,0,Rural,N
LP001117,Male,Yes,0,Graduate,No,2550,3315,174,180,0,Urban,N
LP001118,Male,No,0,Not Graduate,No,7477,1607,324,120,1,Urban,Y
LP001119,Male,Yes,2,Graduate,No,6833,1527,,360,1,Semiurban,Y
LP001120,Male,Yes,0,Graduate,Yes,5388,6456,391,360,1,Semiurban,Y
LP001121,Male,Yes,0,Graduate,No,10275,2469,480,300,0,Urban,N
LP001122,Male,Yes,0,Graduate,No,3885,2449,,360,1,Semiurban,Y
LP001123,Male,Yes,1,Graduate,No,16553,1601,480,360,,Semiurban,Y
LP001124,Male,Yes,0,Not Graduate,Yes,3818,1397,193,120,1,Urban,Y
LP001125,Male,No,1,Graduate,No,4745,0,147,360,1,Semiurban,Y
LP001126,Male,Yes,0,Graduate,No,3537,0,189,120,0,Semiurban,N
LP001127,Male,Yes,1,Not Graduate,Yes,5002,2615,229,360,1,Rural,N
LP001128,Male,Yes,0,Graduate,,6161,0,257,84,1,Urban,Y
LP001129,Male,Yes,0,Not Graduate,No,4019,0,171,360,,Urban,N
LP001130,Male,Yes,0,Graduate,No,9410,0,383,360,1,Rural,Y
LP001131,Male,No,0,Graduate,No,4711,786,196,300,1,Semiurban,Y
LP001132,Female,No,0,,No,4778,0,212,,0,Urban,N
LP001133,Male,Yes,0,Graduate,No,2810,1011,99,360,1,Rural,Y
LP001134,Male,Yes,0,Graduate,No,5107,5784,347,360,1,Urban,Y
LP001135,Male,Yes,0,Not Graduate,No,3983,3379,230,180,,Rural,N
LP001136,Male,Yes,3+,Graduate,No,3217,0,112,120,1,Semiurban,Y
LP001137,Female,No,0,Graduate,No,2983,806,150,360,1,Rural,Y
LP001138,Male,Yes,2,Graduate,No,14077,0,480,360,,Rural,Y
LP001139,Male,Yes,,Graduate,Yes,3757,1505,179,360,0,Urban,N
LP001140,Male,No,0,Graduate,No,2196,0,107,84,1,Rural,Y
LP001141,Male,Yes,1,Graduate,No,3090,6418,285,84,1,Urban,Y
LP001142,Male,Yes,2,Graduate,No,4133,0,143,84,,Semiurban,Y
LP001143,Female,No,1,Graduate,No,5410,2657,,360,1,Semiurban,Y
LP001144,Male,Yes,0,Graduate,No,5430,0,210,360,1,Urban,Y
LP001145,Male,Yes,0,Not Graduate,No,5736,3082,289,180,0,Urban,N
LP001146,Male,Yes,0,Graduate,Yes,3165,1590,177,180,1,Urban,Y
LP001147,Male,No,0,Not Graduate,No,4931,0,203,360,0,Urban,N
LP001148,Male,Yes,3+,Graduate,Yes,2852,0,74,360,1,Urban,Y
LP001149,Male,Yes,3+,Not Graduate,Yes,3201,0,87,360,1,Rural,Y
LP001150,Male,Yes,0,Graduate,Yes,2799,0,123,360,1,Semiurban,Y
LP001151,Female,Yes,1,Graduate,No,2478,2229,134,360,1,Rural,Y
LP001152,Female,Yes,0,Not Graduate,Yes,6829,4309,388,360,0,Rural,Y
LP001153,Male,Yes,2,Graduate,,5767,0,250,360,1,,Y
LP001154,Male,Yes,0,Graduate,No,6565,1148,260,300,1,Semiurban,Y
LP001155,Male,Yes,3+,Graduate,No,4306,0,137,180,1,Rural,Y
LP001156,Male,No,2,Graduate,No,6000,2322,340,300,0,Semiurban,N
LP001157,Male,Yes,0,Graduate,,1915,2079,137,360,1,Semiurban,Y
LP001158,Male,No,,Graduate,,6238,1512,277,360,1,Rural,Y
LP001159,Male,Yes,2,Graduate,No,4581,1087,187,360,1,Semiurban,Y
LP001160,Male,Yes,0,Graduate,No,5609,935,235,360,0,Semiurban,Y
LP001161,,,0,Graduate,Yes,5019,1941,220,360,1,Rural,Y
LP001162,Female,No,2,Graduate,No,2713,0,131,180,,Semiurban,Y
LP001163,Male,Yes,0,Graduate,No,2156,1324,100,180,0,Rural,N
LP001164,Male,No,0,Graduate,No,3070,5056,277,120,1,Urban,Y
LP001165,Male,Yes,0,Graduate,No,5455,1902,256,360,,Urban,Y
LP001166,Male,Yes,0,Graduate,No,5771,0,205,360,1,Semiurban,Y
LP001167,Female,No,3+,Graduate,No,2286,0,81,360,1,Urban,Y
LP001168,Male,Yes,0,Graduate,No,2720,2314,101,360,1,Rural,Y
LP001169,Male,No,0,Graduate,No,3055,1933,168,360,1,Urban,Y
LP001170,Female,Yes,0,Graduate,No,3602,722,158,360,1,Semiurban,Y
LP001171,Male,No,3+,Graduate,,2292,4708,230,360,1,Urban,N
LP001172,Male,Yes,0,Graduate,,2231,1843,88,360,1,Rural,Y
LP001173,Male,Yes,2,Not Graduate,No,2922,0,146,60,1,Semiurban,Y
LP001174,Female,Yes,1,Graduate,Yes,4398,1273,228,60,1,Urban,Y
LP001175,Male,Yes,2,Graduate,No,2487,0,131,360,1,Urban,Y
LP001176,Male,Yes,3+,Graduate,No,4015,0,159,120,1,Semiurban,Y
LP001177,Male,Yes,2,Graduate,No,6811,0,298,360,1,Rural,Y
LP001178,Female,Yes,3+,Graduate,No,2355,2409,118,180,1,Rural,Y
LP001179,Female,Yes,0,Graduate,Yes,3855,2490,234,120,1,Urban,Y
LP001180,Male,Yes,,Graduate,,6709,4514,362,180,1,Semiurban,Y
LP001181,Female,No,0,Graduate,,3504,0,99,180,0,Urban,N
LP001182,Female,No,0,Not Graduate,No,3268,3163,182,360,1,Semiurban,Y
LP001183,Male,No,2,Not Graduate,No,7141,851,307,240,1,Semiurban,Y
LP001184,Male,Yes,3+,Graduate,Yes,3686,1316,160,360,1,Urban,Y
LP001185,Male,No,1,Graduate,No,6954,1094,315,360,,Semiurban,Y
LP001186,Male,Yes,0,Graduate,No,5131,3092,237,360,1,Rural,Y
LP001187,Male,Yes,0,Graduate,No,3625,2214,147,180,1,Urban,Y
LP001188,Male,Yes,0,Not Graduate,No,5249,868,266,360,0,Urban,N
LP001189,Male,No,0,Graduate,,4886,1784,263,360,1,Urban,Y
LP001190,Male,Yes,0,Not Graduate,No,6697,0,242,300,1,Urban,Y
LP001191,Female,Yes,0,Not Graduate,No,3305,0,132,360,1,Urban,Y
LP001192,Male,No,0,Graduate,No,4309,0,198,360,1,Semiurban,Y
LP001193,Male,Yes,2,Graduate,No,4115,2744,244,360,0,Urban,N
LP001194,Female,Yes,0,Graduate,No,5807,2507,299,360,1,Semiurban,Y
LP001195,Male,No,3+,Graduate,,2667,6278,291,180,1,Rural,Y
LP001196,Male,Yes,1,Graduate,No,6685,3323,332,360,1,Rural,Y
LP001197,Male,Yes,0,Not Graduate,No,5218,0,209,360,,Semiurban,Y
LP001198,Female,No,0,Graduate,No,2339,3264,175,360,1,Urban,Y
LP001199,Male,No,0,Graduate,No,7286,0,285,360,1,Urban,N
LP001200,Male,Yes,3+,Not Graduate,No,11560,1122,480,240,1,Urban,Y
LP001201,Male,Yes,0,Graduate,No,6640,0,267,360,1,Rural,Y
LP001202,Female,Yes,0,Graduate,No,8040,547,336,180,1,Rural,Y
LP001203,Male,Yes,3+,Not Graduate,No,4396,1954,198,360,,Semiurban,Y
LP001204,Male,Yes,3+,Graduate,No,2003,1083,127,360,1,Urban,N
LP001205,Male,Yes,0,Graduate,No,1845,0,49,360,1,Semiurban,Y
LP001206,Male,No,0,Graduate,,4745,1047,211,360,1,Urban,Y
LP001207,Male,No,0,Not Graduate,No,3241,2577,187,360,1,Rural,Y
LP001208,Male,Yes,0,Graduate,,2803,2022,172,180,0,Urban,N
LP001209,Male,Yes,0,Graduate,No,4112,4630,227,360,1,Urban,Y
LP001210,Male,Yes,0,Graduate,No,5580,0,245,360,1,Semiurban,Y
LP001211,Male,No,2,Graduate,No,2200,1260,103,360,1,Urban,Y
LP001212,Male,Yes,0,Not Graduate,No,3456,0,169,360,1,Semiurban,Y
LP001213,Male,Yes,1,Graduate,No,8345,0,322,360,0,Rural,N
LP001214,Male,Yes,0,Not Graduate,No,2607,2550,167,240,1,Urban,N
LP001215,Male,Yes,2,Graduate,No,6257,2847,369,360,1,Semiurban,Y
LP001216,Male,No,1,Graduate,No,3401,0,129,360,0,Semiurban,Y
LP001217,,No,2,Not Graduate,No,5408,0,247,360,1,Urban,Y
LP001218,Male,Yes,3+,,No,6931,0,278,360,1,Urban,Y
LP001219,Female,No,0,Graduate,Yes,5905,0,247,360,1,Urban,Y
LP001220,Male,No,0,Not Graduate,No,6369,2269,313,360,1,Urban,N
LP001221,Male,Yes,0,Graduate,Yes,2519,0,122,360,1,Urban,Y
LP001222,Male,Yes,0,Graduate,Yes,6982,1935,311,180,1,Rural,Y
LP001223,Male,Yes,3+,Not Graduate,Yes,2882,0,91,360,1,Semiurban,Y
LP001224,Female,No,0,Graduate,No,4754,0,174,360,1,Rural,Y
LP001225,Male,Yes,2,Graduate,No,4751,3611,283,360,1,Semiurban,Y
LP001226,Female,Yes,0,Graduate,No,5262,0,205,360,1,,Y
LP001227,Male,Yes,0,Graduate,No,4923,1984,264,360,1,Semiurban,Y
LP001228,Male,No,0,Graduate,Yes,2894,1654,190,360,1,Urban,Y
LP001229,Male,Yes,1,Graduate,No,2304,8570,282,120,1,Urban,Y
LP001230,Male,No,1,Graduate,No,6264,1224,263,360,1,Semiurban,Y
LP001231,Male,Yes,0,Graduate,No,4599,0,148,360,1,Rural,Y
LP001232,Male,No,0,Graduate,No,7096,1274,366,360,1,Semiurban,Y
LP001233,Female,Yes,1,Graduate,No,4146,5834,319,360,1,Urban,Y
LP001234,Male,Yes,0,Graduate,No,2248,3402,187,360,1,Rural,Y
LP001235,Female,No,3+,Graduate,Yes,6534,0,228,360,1,Urban,Y
LP001236,Male,No,0,Graduate,No,,0,143,360,1,Rural,Y
LP001237,Male,Yes,0,Graduate,No,4934,0,210,360,1,Rural,Y
LP001238,Male,Yes,0,Not Graduate,No,3161,0,,120,1,Rural,Y
LP001239,Male,No,0,Graduate,Yes,8866,3149,460,300,1,Rural,Y
LP001240,Male,No,0,Graduate,No,2851,0,172,360,0,Urban,N
LP001241,Female,Yes,0,Not Graduate,No,3634,0,122,360,1,Semiurban,N
LP001242,Male,Yes,3+,Graduate,No,4440,0,152,180,1,Semiurban,Y
LP001243,Male,No,0,Graduate,Yes,2588,2588,146,60,0,Semiurban,N
LP001244,Male,No,0,Graduate,No,4909,0,237,240,0,Urban,N
LP001245,Male,No,0,Graduate,No,8737,2070,427,360,,Urban,Y
LP001246,Female,Yes,0,Graduate,Yes,3392,0,132,360,1,Urban,Y
LP001247,Male,Yes,1,Graduate,No,5053,5521,341,360,,Semiurban,N
LP001248,Male,No,0,Graduate,No,1500,0,40,,1,Semiurban,Y
LP001249,Male,No,1,Not Graduate,,4157,2583,253,360,,Rural,Y
LP001250,Male,No,0,Not Graduate,No,3674,0,137,360,1,Rural,Y
LP001251,Male,Yes,3+,Graduate,No,,0,111,,1,Semiurban,Y
LP001252,Female,Yes,0,Graduate,No,6882,0,290,360,1,Urban,Y
LP001253,Male,No,2,Graduate,No,3653,0,141,360,1,Semiurban,Y
LP001254,Male,Yes,0,,No,3905,0,150,360,1,Urban,Y
LP001255,Male,No,0,Graduate,No,3570,2426,204,360,1,Urban,Y
LP001256,Male,Yes,2,Graduate,No,1785,877,113,360,1,Urban,Y
LP001257,Female,No,1,Graduate,No,2542,0,143,360,0,Urban,Y
LP001258,Male,No,2,,Yes,6519,549,289,360,1,Urban,Y
LP001259,Male,Yes,0,Graduate,No,1637,2308,143,240,0,Semiurban,N
LP001260,Male,Yes,1,Graduate,No,2996,0,115,360,0,Urban,N
LP001261,Male,Yes,2,Graduate,,3534,0,124,360,1,Urban,Y
LP001262,Female,Yes,1,Not Graduate,No,9271,0,387,360,1,Urban,Y
LP001263,Male,Yes,0,Graduate,No,5978,0,243,360,1,Semiurban,Y
LP001264,Male,Yes,1,Graduate,No,3292,3223,177,360,0,Semiurban,N
LP001265,Female,No,1,Graduate,No,7609,1312,329,360,1,Urban,Y
LP001266,Male,Yes,3+,Graduate,No,3031,5224,250,360,1,Urban,Y
LP001267,Male,Yes,0,Graduate,No,6661,3133,332,360,,Rural,N
LP001268,Male,Yes,0,Graduate,No,2295,1091,156,360,1,Semiurban,Y
LP001269,,Yes,2,Graduate,No,6857,0,286,360,0,Semiurban,Y
LP001270,Male,Yes,0,Graduate,No,3524,0,175,360,1,Semiurban,Y
LP001271,Male,Yes,1,Graduate,No,2663,0,113,360,1,Rural,Y
LP001272,Male,No,0,Graduate,No,3836,0,155,360,1,Rural,Y
LP001273,Male,Yes,0,Graduate,No,4792,0,168,360,1,Semiurban,Y
LP001274,,No,1,Graduate,No,3386,1275,168,360,1,Semiurban,Y
LP001275,Male,Yes,0,Graduate,No,5428,0,217,180,0,Urban,Y
LP001276,Male,Yes,0,Graduate,No,3254,0,96,84,1,Semiurban,Y
LP001277,Male,No,1,Graduate,No,5592,3247,291,360,1,Semiurban,Y
LP001278,Male,No,1,Graduate,No,5162,0,198,360,0,Urban,Y
LP001279,Female,Yes,2,Not Graduate,No,4116,1680,217,360,1,Rural,Y
LP001280,Female,Yes,0,Not Graduate,No,3468,0,150,360,1,Rural,Y
LP001281,Male,Yes,0,Graduate,No,4529,1060,193,240,0,Urban,N
LP001282,Male,Yes,3+,Graduate,No,5419,0,228,360,1,Rural,Y
LP001283,Male,Yes,0,Graduate,Yes,10698,1840,469,84,1,Urban,Y
LP001284,Male,Yes,0,Graduate,No,6456,0,186,360,1,Semiurban,Y
LP001285,Male,Yes,0,Graduate,Yes,6563,0,250,360,1,Rural,Y
LP001286,Male,Yes,0,Not Graduate,No,16981,980,480,240,1,Urban,Y
LP001287,Male,No,2,Not Graduate,No,5336,0,171,360,1,Semiurban,Y
LP001288,Male,No,2,Graduate,No,5261,0,213,180,1,Semiurban,Y
LP001289,Male,Yes,1,Graduate,No,5807,1310,305,360,1,Urban,Y
LP001290,Male,Yes,0,Not Graduate,Yes,2686,0,88,240,1,Semiurban,Y
LP001291,Female,Yes,0,Graduate,No,3464,3447,225,360,1,Urban,N
LP001292,Male,Yes,0,Not Graduate,No,3369,2378,162,360,1,Semiurban,Y
LP001293,Female,No,0,Graduate,No,5661,0,267,240,1,Urban,Y
LP001294,Male,No,0,Not Graduate,Yes,3911,813,175,360,1,Urban,Y
LP001295,Female,No,0,Graduate,No,4502,0,181,360,0,Semiurban,N
LP001296,Female,No,0,Graduate,No,6901,2489,372,180,1,Urban,Y
LP001297,Female,No,0,Graduate,No,6238,0,266,360,1,Semiurban,Y
LP001298,Male,No,1,Graduate,Yes,3933,0,135,,1,Semiurban,Y
LP001299,Male,Yes,0,Graduate,No,3129,0,109,360,1,Rural,Y
LP001300,Male,Yes,0,Not Graduate,No,7051,3024,370,360,0,Urban,N
LP001301,Male,Yes,2,Graduate,Yes,5992,3770,318,360,1,Rural,Y
LP001302,Male,Yes,1,Not Graduate,No,2053,2353,88,360,1,Semiurban,Y
LP001303,Male,Yes,2,Graduate,No,3674,657,162,84,1,Urban,Y
LP001304,Male,No,0,Graduate,No,4557,1119,173,360,1,Rural,Y
LP001305,Female,Yes,2,Graduate,No,6006,2804,351,360,1,Semiurban,Y
LP001306,Male,Yes,0,Graduate,No,6371,2024,310,360,0,Semiurban,N
LP001307,Male,,0,Graduate,No,4807,397,180,360,1,Semiurban,Y
LP001308,Male,Yes,0,Graduate,No,5505,0,203,360,1,Semiurban,Y
LP001309,Male,Yes,0,Graduate,No,4354,2169,181,180,1,Rural,Y
LP001310,Male,No,0,Graduate,No,3124,1222,128,180,1,Semiurban,Y
LP001311,Male,Yes,0,Not Graduate,No,3761,0,176,120,1,,Y
LP001312,Male,No,2,Graduate,No,4266,0,226,360,1,Semiurban,Y
LP001313,Male,Yes,0,Not Graduate,No,4165,0,185,360,1,Rural,Y
LP001314,Male,Yes,0,Graduate,No,1811,2478,132,360,1,Rural,Y
LP001315,Male,Yes,0,Graduate,No,3537,0,131,180,0,Urban,N
LP001316,Male,No,0,Graduate,No,4339,5293,282,360,1,Urban,Y
LP001317,Male,No,0,Graduate,Yes,3727,2480,263,360,0,Semiurban,N
LP001318,Male,Yes,0,Graduate,No,3785,2637,213,360,1,Semiurban,Y
LP001319,Male,No,0,Graduate,No,5269,0,264,,1,Semiurban,Y
LP001320,Female,Yes,2,Graduate,No,2603,940,162,240,0,Rural,N
LP001321,Female,No,3+,Graduate,No,2033,2941,111,120,1,Rural,Y
LP001322,Male,Yes,0,Graduate,Yes,3617,0,128,360,1,Semiurban,Y
LP001323,Male,Yes,1,Graduate,No,5966,0,222,60,1,Semiurban,Y
LP001324,Male,No,2,Not Graduate,No,9040,0,360,360,1,Urban,Y
LP001325,Female,Yes,3+,Graduate,No,6015,0,239,360,0,Semiurban,N
LP001326,Male,Yes,1,Not Graduate,No,2185,2145,216,360,1,Urban,Y
LP001327,,Yes,2,Not Graduate,No,3810,316,133,360,1,Semiurban,Y
LP001328,Male,Yes,2,Not Graduate,No,4748,2225,251,360,1,Semiurban,Y
LP001329,Male,No,2,Not Graduate,,4582,2937,272,360,1,Semiurban,Y
LP001330,Male,No,0,Graduate,No,5392,2611,281,360,1,Semiurban,Y
LP001331,Male,No,0,Graduate,No,2800,1879,,360,0,Urban,N
LP001332,Male,Yes,0,Graduate,No,4356,5352,282,240,1,Urban,Y
LP001333,Male,Yes,0,Not Graduate,No,5111,0,207,360,0,Urban,N
LP001334,Female,Yes,0,Graduate,No,6134,2598,323,360,,Rural,Y
LP001335,Male,Yes,0,Graduate,No,2944,0,126,360,1,Rural,Y
LP001336,Male,Yes,0,Not Graduate,No,3622,2484,221,240,1,Urban,Y
LP001337,Male,No,,Graduate,No,1500,1166,124,360,1,Urban,Y
LP001338,Male,No,2,Graduate,No,3198,463,163,360,,Semiurban,N
LP001339,Male,No,0,Graduate,No,3341,0,135,360,1,Semiurban,Y
LP001340,Female,Yes,0,Graduate,Yes,2674,3154,157,360,1,Urban,Y
LP001341,Male,Yes,2,Graduate,No,4557,0,167,360,1,Urban,Y
LP001342,Female,Yes,2,Not Graduate,No,4125,3232,240,360,1,Semiurban,Y
LP001343,Male,Yes,3+,Graduate,No,1531,0,68,360,1,Urban,Y
LP001344,Male,Yes,2,Graduate,No,4661,4328,283,360,0,Urban,N
LP001345,Male,Yes,2,Graduate,No,2786,1674,130,360,1,Urban,Y
LP001346,Male,Yes,0,Graduate,No,5264,0,181,360,1,Semiurban,Y
LP001347,Female,No,0,Graduate,No,2376,0,54,360,1,Semiurban,Y
LP001348,Male,Yes,0,Not Graduate,Yes,4288,4919,289,360,1,Urban,N
LP001349,Male,No,1,Not Graduate,No,3724,718,130,360,1,,Y
LP001350,Male,Yes,3+,Graduate,No,4848,0,169,360,1,Semiurban,Y
LP001351,Male,Yes,0,Graduate,No,4474,0,169,360,1,Rural,Y
LP001352,Male,Yes,0,Graduate,Yes,3771,5052,244,360,1,Rural,N
LP001353,Male,Yes,0,Graduate,Yes,2119,2308,152,360,,Urban,N
LP001354,Male,Yes,0,Graduate,No,2176,1676,147,360,0,Rural,N
LP001355,Male,Yes,0,Graduate,No,3253,0,116,360,1,Semiurban,Y
LP001356,Male,No,0,Graduate,No,4214,3365,242,360,1,Semiurban,Y
LP001357,Male,Yes,3+,Not Graduate,No,3217,0,142,360,1,Urban,Y
LP001358,Male,Yes,0,Graduate,,5605,0,206,360,1,Urban,Y
LP001359,Male,Yes,2,Not Graduate,No,3731,4057,231,180,1,Urban,Y
LP001360,Male,Yes,,Graduate,No,2740,0,140,360,1,Rural,Y
LP001361,Female,Yes,0,Not Graduate,No,3733,3120,249,360,1,Semiurban,Y
LP001362,Male,Yes,0,Graduate,No,4683,2052,,180,0,Semiurban,Y
LP001363,Male,No,2,Graduate,No,4896,1934,267,360,0,Semiurban,N
LP001364,Male,No,0,Not Graduate,No,9850,2792,414,360,,Urban,Y
LP001365,Male,No,2,Not Graduate,No,3131,0,159,360,1,Urban,Y
LP001366,Male,Yes,0,Graduate,No,4093,0,174,60,1,Semiurban,Y
LP001367,Male,Yes,1,Graduate,No,5124,0,230,84,1,Semiurban,Y
LP001368,Male,No,2,Graduate,No,4186,4351,286,360,1,Rural,Y
LP001369,Male,Yes,0,Graduate,,3377,1008,162,180,0,Semiurban,N
LP001370,Female,Yes,0,Graduate,No,2107,0,77,360,1,Semiurban,N
LP001371,Male,Yes,3+,Not Graduate,No,3361,0,144,360,1,Rural,N
LP001372,Male,No,0,Graduate,No,2609,0,97,360,1,Urban,Y
LP001373,Male,Yes,0,Graduate,No,1945,1551,138,360,1,Semiurban,Y
LP001374,Male,No,0,Graduate,No,2957,1340,112,360,1,Semiurban,Y
LP001375,Male,No,0,Graduate,No,2641,1436,128,,1,Urban,Y
LP001376,Male,Yes,2,Graduate,No,5501,5406,406,360,1,Urban,Y
LP001377,Female,No,2,,No,5544,0,206,360,1,Urban,Y
LP001378,Male,Yes,0,Graduate,No,2817,1095,134,360,1,Urban,Y
LP001379,Male,Yes,2,Graduate,No,3763,10288,386,360,,Semiurban,Y
LP001380,Male,Yes,0,Not Graduate,No,1833,0,82,360,1,Urban,Y
LP001381,Male,No,0,Graduate,No,3386,1029,143,84,0,Semiurban,N
LP001382,Female,Yes,0,Not Graduate,No,5062,0,198,360,1,Urban,Y
LP001383,Male,Yes,3+,Graduate,No,6132,2081,319,,1,Urban,Y
LP001384,Male,Yes,0,Graduate,Yes,3069,3320,188,360,1,Urban,Y
LP001385,Male,Yes,0,Graduate,No,6791,6025,442,,1,Urban,Y
LP001386,Female,Yes,0,Graduate,No,2139,2523,169,300,,Rural,Y
LP001387,Male,Yes,2,Graduate,No,2413,0,,360,1,Urban,Y
LP001388,Female,Yes,0,Graduate,No,5822,3204,316,360,1,Urban,Y
LP001389,Male,No,0,Graduate,No,8973,1314,473,360,0,Urban,Y
LP001390,Female,Yes,1,Graduate,No,5282,1075,265,240,1,Urban,Y
LP001391,Male,No,0,Graduate,No,4154,695,192,240,1,Semiurban,Y
LP001392,Male,Yes,0,Graduate,,1575,0,41,240,0,Rural,Y
LP001393,Male,No,0,Graduate,No,1703,1167,95,360,1,Urban,Y
LP001394,Male,Yes,0,Graduate,No,4484,986,240,360,1,Semiurban,Y
LP001395,Male,Yes,,Graduate,No,3601,0,187,360,1,Semiurban,Y
LP001396,Male,No,2,Graduate,No,2572,973,164,360,1,Rural,Y
LP001397,Female,Yes,1,Graduate,Yes,4357,303,201,360,1,Semiurban,Y
LP001398,Male,Yes,1,Graduate,No,4455,1068,174,360,1,Urban,Y
LP001399,Male,No,3+,Graduate,No,6470,1506,309,360,1,Semiurban,Y
LP001400,Male,No,0,Graduate,No,4498,0,149,240,0,Rural,N
LP001401,Male,Yes,0,Not Graduate,No,7352,4973,381,180,1,Semiurban,Y
LP001402,Female,Yes,3+,Graduate,No,4245,0,176,240,,Rural,Y
LP001403,Male,No,0,Not Graduate,No,4016,3390,258,180,1,Rural,Y
LP001404,Male,No,1,Not Graduate,No,6829,1976,345,,1,Urban,N
LP001405,Female,No,2,Graduate,No,2724,1948,170,360,1,Rural,Y
LP001406,Female,Yes,0,Graduate,No,15010,1210,480,360,1,Semiurban,Y
LP001407,Male,No,0,Graduate,No,5008,1929,224,360,,,N
LP001408,Female,Yes,0,Not Graduate,No,5021,1263,230,360,1,Semiurban,Y
LP001409,Male,No,0,Graduate,No,5358,2213,232,360,1,Rural,Y
LP001410,Female,Yes,0,Graduate,No,9845,1734,387,240,1,Semiurban,Y
LP001411,Male,No,0,Graduate,No,6043,1134,289,180,1,Semiurban,Y
LP001412,Male,Yes,2,Graduate,No,2054,0,,84,1,Urban,Y
LP001413,Male,Yes,2,Graduate,No,7955,2581,405,36,1,Semiurban,Y
LP001414,Female,No,2,Graduate,,3629,1527,211,120,1,Rural,Y
LP001415,Male,Yes,0,Graduate,No,4439,2180,217,360,1,Semiurban,Y
LP001416,Male,No,0,Not Graduate,Yes,2379,1900,157,120,1,Urban,Y
LP001417,Male,Yes,0,Graduate,No,5360,0,198,240,1,Rural,Y
LP001418,Male,Yes,0,Graduate,No,3155,2085,132,120,1,Rural,Y
LP001419,Male,Yes,3+,Graduate,No,4425,0,180,360,1,Semiurban,Y
LP001420,Female,Yes,0,Not Graduate,Yes,3723,0,,360,1,Urban,Y
LP001421,Male,Yes,0,Not Graduate,No,10059,755,410,300,1,Semiurban,Y
LP001422,Male,Yes,2,Graduate,No,10322,0,462,360,1,Urban,Y
LP001423,Male,Yes,0,Graduate,Yes,4320,0,,360,0,Urban,N
LP001424,Male,No,0,Graduate,No,4354,1317,217,360,,Semiurban,Y
LP001425,Male,No,0,Not Graduate,Yes,3576,9067,345,360,1,Rural,Y
LP001426,Male,No,1,Graduate,No,6958,3400,386,360,0,Urban,N
LP001427,Male,Yes,2,Graduate,No,3648,0,,60,,Rural,Y
LP001428,Female,Yes,0,Graduate,No,3500,3220,230,120,1,Rural,Y
LP001429,Male,,2,Graduate,No,6571,6074,391,300,1,Urban,Y
LP001430,Male,No,2,Graduate,Yes,3320,1246,145,360,1,Urban,Y
LP001431,Female,No,2,,No,4159,430,200,360,1,Semiurban,Y
LP001432,Male,Yes,0,Graduate,Yes,2076,0,127,360,0,Semiurban,Y
LP001433,Male,No,0,Not Graduate,No,5807,2793,314,360,1,Semiurban,Y
LP001434,Female,Yes,2,Graduate,No,10131,0,383,360,1,Semiurban,Y
LP001435,Male,Yes,0,Graduate,Yes,5852,2357,301,180,1,Semiurban,Y
LP001436,Male,Yes,1,Graduate,No,8167,0,387,60,,Semiurban,N
LP001437,Male,Yes,2,Not Graduate,Yes,2891,2513,181,360,1,Semiurban,Y
LP001438,Male,No,0,Graduate,No,4705,0,225,360,0,Urban,Y
LP001439,Male,No,2,Graduate,No,2767,1137,121,360,1,Urban,Y
LP001440,Male,Yes,3+,Graduate,No,3818,0,152,360,1,Urban,Y
LP001441,Female,Yes,1,Graduate,No,5988,5263,387,360,1,Rural,Y
LP001442,Male,No,0,Graduate,No,4429,0,187,360,1,Rural,Y
LP001443,Male,No,2,Graduate,No,2240,0,70,360,1,Rural,Y
LP001444,Male,Yes,0,Graduate,No,2341,1376,108,360,0,Urban,N
LP001445,Male,Yes,,Graduate,No,2272,1354,149,240,1,Semiurban,Y
LP001446,Male,Yes,2,Graduate,No,5277,1306,274,360,1,Urban,Y
LP001447,Female,Yes,1,Not Graduate,No,10708,925,480,,1,Urban,Y
LP001448,Male,No,0,Graduate,No,7810,812,378,360,1,Urban,Y
LP001449,Male,Yes,0,Graduate,Yes,1802,1778,120,360,1,Rural,Y
LP001450,Male,No,0,Graduate,No,8018,0,313,360,1,Urban,Y
LP001451,Male,Yes,0,Graduate,No,6447,3883,389,180,1,Semiurban,Y
LP001452,Female,Yes,0,Graduate,No,2110,2382,162,120,0,Rural,N
LP001453,Male,No,1,Graduate,No,3691,2343,182,360,1,Semiurban,Y
LP001454,Male,Yes,0,Graduate,No,6926,1279,283,360,1,Urban,Y
LP001455,Male,Yes,,Graduate,No,5419,1858,276,360,1,Rural,Y
LP001456,Male,No,2,Not Graduate,No,2347,2481,151,360,0,Semiurban,N
LP001457,Female,No,0,Not Graduate,No,5568,3071,299,360,1,Semiurban,Y
LP001458,Male,Yes,1,Graduate,No,1617,0,91,120,1,Semiurban,Y
LP001459,Male,Yes,1,Graduate,No,3827,3818,268,360,1,Rural,Y
LP001460,Male,Yes,0,Graduate,,7059,2008,366,360,1,Semiurban,Y
LP001461,Male,Yes,0,Graduate,,4265,3215,203,360,0,Semiurban,N
LP001462,Male,Yes,2,Graduate,Yes,3379,1489,179,360,0,Semiurban,N
LP001463,Female,Yes,3+,Graduate,No,6312,0,270,300,1,Urban,Y
LP001464,Male,No,1,Graduate,No,6559,0,224,360,1,Rural,Y
LP001465,Male,No,2,Graduate,No,7628,0,289,360,1,,N
LP001466,Male,No,3+,Not Graduate,No,6270,2822,300,360,1,Semiurban,Y
LP001467,Male,No,0,Graduate,No,6882,0,276,180,0,Semiurban,Y
LP001468,Female,No,1,Graduate,No,5883,1621,317,360,,Urban,Y
LP001469,Male,No,0,Graduate,Yes,4767,1231,272,360,1,Semiurban,Y
LP001470,Male,,3+,Graduate,No,4404,2782,225,360,1,Semiurban,Y
LP001471,Male,Yes,0,Graduate,No,3802,0,,360,1,Urban,Y
LP001472,Male,Yes,0,Not Graduate,No,2451,1427,148,240,1,Urban,Y
LP001473,Male,Yes,2,Graduate,No,2752,0,120,360,1,Rural,N
LP001474,Male,Yes,0,Graduate,No,3726,1176,188,360,1,Rural,Y
LP001475,Male,Yes,2,Graduate,No,4716,0,196,360,1,Semiurban,Y
LP001476,Male,Yes,0,Graduate,,8090,0,366,360,1,Urban,Y
LP001477,Male,Yes,3+,Graduate,Yes,4151,0,194,360,0,Urban,N
LP001478,Male,Yes,2,Graduate,Yes,6645,1612,280,180,1,Urban,Y
LP001479,Male,Yes,0,,No,6875,0,295,360,1,Semiurban,Y
LP001480,Male,No,2,Graduate,No,3812,2193,230,,,Rural,N
LP001481,Male,No,0,Graduate,No,5528,385,239,360,,Semiurban,Y
LP001482,Male,Yes,1,Graduate,Yes,3791,1160,209,360,1,Urban,Y
LP001483,Male,Yes,1,Not Graduate,No,7669,0,311,,,Rural,Y
LP001484,Male,Yes,2,Graduate,No,5631,0,230,360,1,Semiurban,Y
LP001485,Male,No,0,Graduate,,2476,2318,160,360,1,Urban,Y
LP001486,Male,No,0,Graduate,No,4549,0,132,360,0,Semiurban,N
LP001487,Male,Yes,1,Graduate,No,8881,1648,394,84,1,Urban,Y
LP001488,Male,No,0,Graduate,Yes,3899,0,139,360,,Rural,Y
LP001489,Male,Yes,0,Graduate,No,5174,2428,238,360,1,Urban,Y
LP001490,Male,Yes,0,Graduate,Yes,5408,0,252,360,1,Semiurban,Y
LP001491,Male,No,0,Graduate,No,2653,1820,164,360,1,Semiurban,Y
LP001492,Male,Yes,2,Graduate,No,5323,0,212,360,0,Rural,N
LP001493,Male,Yes,0,Not Graduate,No,2259,7670,268,360,1,Semiurban,Y
LP001494,Male,Yes,,Not Graduate,No,3192,0,135,360,1,Semiurban,Y
LP001495,Male,Yes,3+,Graduate,No,6864,1583,339,240,1,Urban,Y
LP001496,Male,No,0,Graduate,No,4967,1994,228,240,1,Rural,Y
LP001497,Male,No,1,Graduate,No,3689,0,147,360,1,Semiurban,Y
LP001498,Male,Yes,0,Not Graduate,No,5171,0,229,84,1,Urban,Y
LP001499,Male,Yes,2,Graduate,No,4117,0,116,36,1,Rural,Y
LP001500,Male,No,1,Graduate,No,4254,0,169,360,,Urban,Y
LP001501,Male,Yes,2,Graduate,No,5685,0,217,360,1,Urban,Y
LP001502,Female,No,0,Not Graduate,Yes,3049,1868,165,360,1,Semiurban,Y
LP001503,Female,No,0,Graduate,No,4308,1876,207,360,1,Urban,Y
LP001504,Male,Yes,2,Graduate,No,3676,0,150,360,1,Semiurban,Y
LP001505,Male,No,0,Not Graduate,No,2072,1785,176,360,1,Urban,N
LP001506,Male,Yes,0,Graduate,No,2796,0,,84,1,Urban,Y
LP001507,Male,Yes,0,Not Graduate,No,8567,3140,428,360,0,Urban,N
LP001508,Female,Yes,3+,Graduate,Yes,5030,0,251,180,1,Urban,Y
LP001509,Male,Yes,1,Graduate,No,2332,1064,106,360,1,Rural,Y
LP001510,Male,No,1,Not Graduate,No,2115,700,147,360,0,Semiurban,N
LP001511,Male,No,1,Graduate,,4022,0,161,240,1,Semiurban,Y
LP001512,Female,No,0,Graduate,No,8540,0,386,360,1,Semiurban,Y
LP001513,Male,No,0,Graduate,No,3889,0,174,360,1,Semiurban,Y
LP001514,,Yes,0,Graduate,No,7617,848,334,360,1,Urban,Y
LP001515,Male,Yes,1,Graduate,No,4956,5831,342,360,1,Urban,Y
LP001516,Male,No,0,Graduate,No,5229,1387,228,,1,Semiurban,Y
LP001517,Male,No,2,Graduate,No,2319,2210,150,360,1,Semiurban,Y
LP001518,Male,Yes,2,Graduate,No,6450,3336,364,360,1,Rural,Y
LP001519,Male,Yes,0,Graduate,No,3638,1105,173,360,1,Rural,Y
LP001520,Female,Yes,0,Graduate,No,6238,1440,278,360,1,Rural,Y
LP001521,Female,Yes,0,Graduate,No,2933,2225,167,360,1,Urban,Y
LP001522,Male,No,3+,Graduate,No,4581,0,208,360,1,Urban,Y
LP001523,Male,Yes,2,Not Graduate,No,4956,2394,289,360,1,Urban,Y
LP001524,Male,No,3+,Graduate,No,3947,0,141,360,1,Rural,Y
LP001525,Male,No,0,Graduate,No,5075,0,186,360,1,Rural,Y
LP001526,Male,No,0,Graduate,No,3752,2492,222,360,1,Rural,Y
LP001527,,Yes,0,Not Graduate,Yes,3159,0,165,360,1,Urban,N
LP001528,Female,Yes,0,Graduate,No,8712,0,377,360,0,Rural,N
LP001529,Male,No,0,Graduate,No,6782,0,240,84,1,Semiurban,Y
LP001530,Male,No,0,Graduate,No,3004,5221,244,360,1,Rural,Y
LP001531,Male,Yes,3+,Graduate,No,5463,2253,252,360,1,Semiurban,Y
LP001532,,No,0,Graduate,No,3028,0,114,360,0,Urban,N
LP001533,Male,Yes,0,Not Graduate,No,2482,0,139,360,1,Urban,Y
LP001534,Male,No,2,Graduate,No,6736,2958,308,360,1,Rural,Y
LP001535,Male,Yes,1,Graduate,No,1965,1733,81,360,1,Semiurban,Y
LP001536,Male,Yes,2,Graduate,No,6419,0,236,360,1,Urban,N
LP001537,Male,Yes,1,Graduate,No,3775,1200,188,360,0,Urban,N
LP001538,Male,Yes,2,Graduate,No,3846,913,192,360,1,Urban,Y
LP001539,Male,Yes,1,Graduate,No,5087,0,214,180,1,Rural,Y
LP001540,Female,Yes,0,Graduate,Yes,5495,2036,300,360,1,Urban,Y
LP001541,Female,Yes,1,Graduate,No,2917,1621,,300,1,Urban,Y
LP001542,Male,No,0,Not Graduate,No,5843,4173,368,360,1,Rural,Y
LP001543,Female,Yes,0,Graduate,No,4452,1200,200,180,1,Semiurban,Y
LP001544,Female,No,0,Graduate,No,2404,2411,175,360,1,Urban,Y
LP001545,Male,No,0,Graduate,Yes,3919,2081,176,360,1,Urban,Y
LP001546,Male,Yes,2,Graduate,No,7876,785,335,360,1,Urban,Y
LP001547,Male,Yes,0,Graduate,No,8995,906,388,360,1,Urban,Y
LP001548,Male,No,0,Not Graduate,No,5842,2013,313,360,0,Urban,N
LP001549,Male,No,0,Graduate,No,2476,6560,223,360,1,Urban,Y
LP001550,Male,Yes,2,Not Graduate,No,5275,2829,282,360,,Semiurban,Y
LP001551,Male,No,0,Not Graduate,No,6204,0,,360,1,Rural,Y
LP001552,Male,Yes,,Graduate,No,5864,0,247,300,1,Rural,Y
LP001553,Male,Yes,2,Graduate,No,6022,3102,338,360,,Semiurban,Y
LP001554,Female,No,0,Graduate,No,4981,1886,279,,1,Urban,Y
LP001555,Male,Yes,2,Graduate,No,4095,0,150,360,1,Rural,Y
LP001556,Male,No,0,Not Graduate,No,3217,1178,181,360,1,Rural,N
LP001557,Male,Yes,0,Graduate,No,1801,0,106,120,1,Semiurban,Y
LP001558,Male,No,1,Not Graduate,No,4929,0,156,360,1,Urban,Y
LP001559,Male,Yes,2,Graduate,No,4600,1528,238,360,1,Urban,Y
LP001560,Male,Yes,0,Graduate,No,5437,0,241,360,1,Semiurban,Y
LP001561,Male,Yes,0,Graduate,No,2317,2029,137,360,,Semiurban,Y
LP001562,Male,Yes,0,Graduate,No,5655,0,196,360,1,Urban,N
LP001563,Female,No,0,Graduate,Yes,10663,1981,480,36,,Rural,Y
LP001564,Male,Yes,1,Graduate,No,4382,0,145,360,0,Semiurban,N
LP001565,Male,Yes,1,Graduate,No,4114,1514,198,,,Semiurban,Y
LP001566,Male,Yes,1,Not Graduate,,4861,901,216,360,1,Urban,Y
LP001567,Male,Yes,0,Graduate,No,10557,0,440,360,1,Rural,Y
LP001568,Male,No,1,Graduate,No,2669,0,91,60,1,Semiurban,Y
LP001569,Male,Yes,,Graduate,No,4635,0,168,360,1,Urban,Y
LP001570,Male,No,1,Graduate,Yes,2952,1921,169,360,1,Semiurban,Y
LP001571,Male,Yes,0,Not Graduate,No,3307,2080,209,360,,Semiurban,Y
LP001572,Female,No,0,Graduate,No,4137,1584,262,360,1,Rural,Y
LP001573,Male,Yes,0,Graduate,No,7757,1977,322,360,1,Urban,Y
LP001574,Male,Yes,0,Graduate,Yes,9513,1951,437,360,1,Rural,Y
LP001575,Female,No,0,Graduate,No,5175,2219,235,180,1,Semiurban,Y
LP001576,Male,No,0,,No,3571,486,180,360,1,Urban,Y
LP001577,Female,No,,Not Graduate,Yes,12987,6177,480,360,1,Urban,Y
LP001578,Male,Yes,0,Graduate,No,3490,1829,168,360,1,Urban,Y
LP001579,Female,Yes,2,Graduate,Yes,3271,2831,187,360,0,Urban,N
LP001580,Male,No,0,Graduate,No,1903,0,74,360,,Semiurban,Y
LP001581,Male,Yes,2,Graduate,No,7929,0,325,360,1,Semiurban,Y
LP001582,Male,No,0,Not Graduate,No,6540,0,274,360,0,Urban,N
LP001583,Male,Yes,0,Graduate,No,12557,4826,480,240,1,Rural,Y
LP001584,Male,Yes,1,Graduate,No,2264,0,57,360,1,Urban,Y
LP001585,Female,No,3+,Graduate,No,8153,3149,,360,1,Semiurban,Y
LP001586,Male,No,0,Graduate,No,4366,1353,,360,1,Rural,Y
LP001587,Male,Yes,0,Not Graduate,No,6080,1523,310,360,1,Rural,Y
LP001588,Male,Yes,1,Graduate,No,2015,1724,106,360,1,Semiurban,Y
LP001589,Male,,1,Graduate,No,8190,0,288,180,1,Semiurban,Y
LP001590,Male,Yes,0,Graduate,No,6027,643,256,360,1,Urban,Y
LP001591,Female,Yes,0,Graduate,No,4157,0,199,360,1,Urban,Y
LP001592,Male,Yes,0,Graduate,Yes,5655,621,246,36,1,Semiurban,Y
LP001593,Male,No,3+,Graduate,No,2997,1041,141,360,1,Urban,Y
LP001594,Male,No,0,Graduate,No,3259,1228,139,360,0,Urban,N
LP001595,Male,Yes,0,Graduate,No,3434,758,,,1,Urban,Y
LP001596,Male,Yes,3+,Graduate,No,1838,0,48,360,,Rural,N
LP001597,Male,Yes,0,Graduate,No,6234,597,246,360,1,Rural,Y
LP001598,Male,Yes,0,Graduate,No,7232,1085,331,360,1,Rural,Y
LP001599,Female,Yes,0,Graduate,No,3085,4106,180,360,1,Semiurban,Y
LP001600,Male,Yes,0,Not Graduate,Yes,4948,0,230,360,1,Urban,Y
LP001601,Male,No,0,Graduate,No,3754,0,166,360,1,Urban,Y
LP001602,Male,Yes,0,Graduate,No,4904,1095,246,240,0,Semiurban,Y
LP001603,Female,Yes,2,Graduate,Yes,3189,0,142,360,1,Semiurban,Y
LP001604,,Yes,1,Graduate,Yes,2843,1009,135,180,1,Urban,Y
LP001605,Female,No,0,Graduate,,6792,1947,294,360,1,Semiurban,Y
LP001606,Male,Yes,0,Graduate,No,4110,3364,245,360,1,Semiurban,Y
LP001607,Female,Yes,0,Not Graduate,No,10509,0,396,360,1,Urban,Y
LP001608,Male,No,3+,Graduate,No,4319,2917,258,360,0,Urban,N
LP001609,Male,Yes,0,Graduate,No,2789,0,132,360,1,Semiurban,Y
LP001610,Male,Yes,1,Graduate,No,7348,2028,382,360,1,Semiurban,Y
LP001611,Male,No,0,Graduate,No,5619,1648,275,,1,Rural,Y
LP001612,Male,Yes,1,Graduate,No,5867,0,,360,1,Semiurban,Y
LP001613,Female,Yes,0,Not Graduate,No,7228,0,282,360,0,Semiurban,N
LP001614,Female,Yes,2,Graduate,No,3153,0,114,360,0,Rural,N
LP001615,Male,Yes,,Graduate,No,3995,1736,215,360,1,Urban,Y
LP001616,Male,No,2,Graduate,No,3916,4134,250,360,0,Semiurban,N
LP001617,Male,Yes,0,Graduate,No,2366,0,101,360,1,Semiurban,Y
LP001618,Male,Yes,2,Not Graduate,Yes,3757,0,124,360,1,Semiurban,Y
