EmployeeID,Age,Gender,Department,Education,PriorCompanies,YearsAtCompany,MonthlyIncome,DistanceFromHome,OverTime,PerformanceRating,Attrition
E0390,24.0,Male,Sales,Bachelors,1,1.2,8576.0,3.0,No,Medium,No
E0122,36.0,Male,Marketing,High School,1,29.3,4869.0,1.1,No,Medium,No
E0523,46.0,Female ,Sales,Bachelors,1,4.6,1889.0,13.5,Yes,Medium,Yes
E0310,49.0,Male,Sales,Masters,3+,1.2,19591.0,18.8,Yes,Low,No
E0647,40.0,Female,Engineering,PhD,0,10.1,14041.0,,NO,Medium,No
E0585,41.0,Male,Sales,Bachelors,2,4.9,3296.0,1.7,No,Excellent,Yes
E0544,,Male ,Marketing,Bachelors,1,1.9,13846.0,0.8,No,Medium,No
E0694,,Female,Marketing,Bachelors,3+,1.6,3529.0,0.2,No,Excellent,No
E0586,51.0,Male,Finance,High School,0,0.5,3261.0,2.1,Yes,High,Yes
E0503,29.0,Male,Sales,Masters,2,0.1,4121.0,6.1,No,Excellent,No
E0302,23.0,Male,Sales,PhD,3+,0.5,5250.0,,No,High,No
E0500,23.0,Male,Sales,PhD,1,0.2,3763.0,12.8,Yes,Medium,Yes
E0546,34.0,Male,Marketing,High School,0,0.5,4446.0,0.4,No,Excellent,Yes
E0670,20.0,Female,Sales,Bachelors,2,0.8,8783.0,0.5,yes,Medium,No
E0347,30.0,Female,Sales,Masters,0,2.7,4795.0,7.5,Yes,Medium,Yes
E0180,37.0,Male,Finance,Bachelors,3+,2.4,6192.0,20.6,Yes,Low,No
E0154,31.0,Male,Engineering,Bachelors,2,3.3,49799.0,2.6,No,Medium,No
E0373,42.0,Male,Marketing,Masters,2,4.0,5259.0,2.1,NO,High,Yes
E0652,34.0,Female,Sales,Bachelors,2,11.6,3589.0,1.0,No,Excellent,No
E0543,37.0,Male,Engineering,Masters,0,5.5,4521.0,1.5,Yes,High,Yes
E0088,35.0,Female,Marketing,Bachelors,0,6.0,5168.0,15.8,no,High,No
E0403,42.0,Female,Engineering,Masters,0,2.9,3777.0,3.2,No,Low,Yes
E0559,25.0,Male,Marketing,Masters,0,1.4,4234.0,0.5,No,Low,Yes
E0611,27.0,Male,Engineering,Bachelors,3+,3.2,8132.0,5.1,No,Medium,No
E0221,33.0,Male,Marketing,,0,0.7,10228.0,8.3,no,High,No
E0061,22.0,Male,Finance,Bachelors,1,0.6,7225.0,6.6,No,High,No
E0129,30.0,Female,Marketing,Masters,0,2.9,7527.0,2.3,Yes,High,Yes
E0096,23.0,Male,Engineering,High School,3+,1.3,4798.0,,No,High,No
E0273,34.0,Male,,High School,0,14.5,7464.0,10.3,No,Excellent,No
E0241,,Male,Sales,PhD,0,0.7,3320.0,3.8,No,Medium,No
E0357,,Male,Finance,PhD,0,2.7,7786.0,3.8,No,Medium,No
E0591,,Male,Engineering,Bachelors,3+,1.7,4001.0,14.8,No,Medium,No
E0629,27.0,male,Engineering,Bachelors,1,0.6,2168.0,5.0,No,Medium,No
E0548,27.0,female,Engineering,,1,10.7,2402.0,5.5,No,High,No
E0516,38.0,Male,Sales,Bachelors,0,0.5,7304.0,33.8,yes,High,Yes
E0215,32.0,Male,Engineering,Bachelors,0,6.5,5191.0,55.4,No,Excellent,No
E0248,50.0,Male,Engineering,Bachelors,1,1.6,5985.0,1.2,No,High,No
E0289,33.0,male,Engineering,High School,0,8.5,5898.0,1.2,NO,Low,No
E0192,34.0,Male,Marketing,Bachelors,0,4.3,2376.0,10.5,No,Low,No
E0317,36.0,Male,Sales,Masters,3+,0.1,6072.0,4.1,Yes,Low,Yes
E0455,36.0,Male,Sales,Bachelors,0,2.1,11163.0,4.6,Yes,High,No
E0476,32.0,MALE,Engineering,PhD,3+,2.1,5173.0,1.2,No,Medium,No
E0280,37.0,Female,Finance,,2,13.2,2130.0,8.9,No,Excellent,Yes
E0458,28.0,Female,Sales,Masters,1,3.3,3049.0,0.8,No,Medium,No
E0379,48.0,Male,Marketing,Bachelors,3+,5.4,2361.0,2.8,No,Excellent,No
E0149,44.0,Male,Sales,Bachelors,3+,6.9,4373.0,23.3,No,Excellent,No
E0498,32.0,Male,Finance,High School,0,3.3,13436.0,1.6,No,High,No
E0348,40.0,Female,Engineering,Masters,2,8.7,3240.0,0.2,No,High,No
E0172,39.0,Male,Sales,Masters,2,1.8,5569.0,2.1,No,Medium,No
E0483,36.0,Male,Finance,Masters,2,,1056.0,1.0,No,Medium,No
E0693,43.0,Male,Finance,High School,0,0.7,4305.0,12.9,No,,No
E0401,34.0,Male,Engineering,Masters,2,4.0,6588.0,3.6,No,Medium,No
E0118,35.0,Male,Engineering,PhD,0,1.9,5445.0,0.6,No,Medium,No
E0491,44.0,Male,HR,Bachelors,2,4.4,4041.0,2.2,No,Medium,Yes
E0526,31.0,Male,Sales,PhD,2,3.3,2230.0,20.6,yes,Low,Yes
E0532,27.0,Male,Engineering,Masters,1,2.8,5491.0,7.5,No,Medium,No
E0435,42.0,Female,Engineering,Bachelors,3+,1.9,4808.0,8.1,No,High,No
E0642,41.0,Female,Finance,Bachelors,0,0.1,8797.0,0.8,No,Excellent,No
E0184,44.0,Male,Engineering,Bachelors,1,9.9,3462.0,2.7,No,Excellent,Yes
E0222,37.0,Male,Engineering,Masters,2,2.3,7875.0,3.2,Yes,Medium,No
E0619,,Male,Finance,Bachelors,1,0.1,5876.0,1.2,Yes,Medium,Yes
E0007,36.0,Male,Finance,PhD,2,4.2,4870.0,4.5,YES,High,Yes
E0574,28.0,Male,Engineering,Bachelors,1,3.1,,2.9,No,High,Yes
E0027,39.0,Male,Sales,High School,1,8.2,3261.0,24.8,Yes,Medium,Yes
E0359,28.0,Male,Marketing,Masters,0,4.2,7441.0,1.4,Yes,Medium,Yes
E0224,26.0,male,Engineering,Bachelors,0,,12263.0,8.7,No,Medium,No
E0093,32.0,Male,Engineering,PhD,0,0.6,3962.0,0.6,Yes,High,Yes
E0549,41.0,Female,Marketing,Bachelors,3+,0.1,3624.0,5.9,No,High,No
E0382,45.0,Male,Sales,Bachelors,1,6.0,8697.0,0.2,No,High,Yes
E0279,45.0,Male ,Finance,Masters,1,1.3,10593.0,25.4,Yes,High,No
E0534,,Female,Engineering,Bachelors,0,4.6,2320.0,0.1,No,High,No
E0136,27.0,Female,Engineering,Masters,3+,3.0,,3.5,No,Low,No
E0582,26.0,Female,Engineering,Bachelors,1,0.7,6614.0,6.0,No,Medium,Yes
E0432,39.0,Female,Engineering,Masters,1,1.5,4367.0,9.9,No,Medium,No
E0240,31.0,,Sales,High School,0,0.7,5354.0,13.3,No,High,No
E0003,41.0,Male,Sales,Masters,2,1.9,5096.0,5.6,YES,Medium,Yes
E0159,31.0,Female,Finance,Masters,1,9.1,4272.0,3.4,Yes,Medium,No
E0286,31.0,Female,Engineering,PhD,0,0.2,,0.7,No,High,No
E0260,24.0,Female,Marketing,PhD,1,3.1,6893.0,12.5,No,Medium,No
E0271,29.0,Male,HR,Masters,0,3.3,7315.0,3.3,No,Medium,No
E0121,27.0,,Engineering,Bachelors,1,1.0,2369.0,0.9,No,Excellent,Yes
E0374,42.0,Male,Marketing,High School,1,13.5,3661.0,21.4,No,High,No
E0034,92.0,Male,Sales,Bachelors,,2.4,4801.0,0.1,Yes,Low,No
E0457,44.0,Female,Finance,Bachelors,2,7.5,6010.0,8.8,No,Excellent,No
E0312,39.0,Female,Engineering,High School,0,0.7,2876.0,0.9,No,Low,No
E0219,34.0,Female,Marketing,High School,2,4.5,5495.0,13.1,no,High,No
E0415,33.0,FEMALE,Sales,Bachelors,1,3.0,4183.0,0.1,No,Excellent,No
E0598,42.0,Female,Engineering,PhD,0,7.9,7404.0,2.9,No,Excellent,No
E0026,32.0,Male,Sales,PhD,0,8.9,6673.0,3.9,No,Low,No
E0564,29.0,Male,Sales,Bachelors,3+,4.8,2543.0,10.4,No,High,No
E0040,,Female,HR,High School,0,12.3,6129.0,4.9,Yes,High,No
E0202,46.0,Female,Engineering,Bachelors,1,4.3,4385.0,7.8,No,High,No
E0321,41.0,Male,Sales,Bachelors,0,3.2,2983.0,12.0,No,Excellent,No
E0218,95.0,Female,Engineering,Bachelors,2,1.2,4443.0,15.9,No,Medium,Yes
E0625,39.0,Male,Finance,High School,0,0.1,6538.0,3.8,No,Medium,No
E0089,39.0,Male,Marketing,Bachelors,2,5.9,3964.0,6.7,No,High,No
E0566,41.0,Female,Sales,Bachelors,1,3.2,2971.0,5.2,No,Medium,Yes
E0211,42.0,Female,HR,Bachelors,3+,3.4,2096.0,4.5,no,High,Yes
E0130,28.0,Female,Engineering,High School,1,3.4,2486.0,6.1,Yes,Medium,No
E0539,20.0,Male ,Finance,Bachelors,1,1.4,6853.0,3.7,No,High,No
E0251,32.0,Male,Sales,Bachelors,0,4.8,2667.0,7.9,No,Excellent,No
E0318,29.0,Male,Sales,Masters,3+,4.4,3817.0,5.0,Yes,Low,No
E0237,20.0,Female,Engineering,Masters,1,1.3,5053.0,0.7,No,High,No
E0377,33.0,Female,Engineering,Masters,3+,2.1,3508.0,20.9,Yes,Excellent,No
E0208,25.0,Male,HR,Masters,3+,2.5,7493.0,7.5,No,Excellent,Yes
E0094,34.0,Female ,Engineering,High School,1,1.3,3549.0,1.7,No,High,No
E0529,37.0,Female,Sales,High School,0,1.2,3005.0,0.6,No,Excellent,No
E0481,37.0,Male,Engineering,Masters,1,1.5,6680.0,0.6,No,Medium,No
E0075,36.0,Male,Sales,Bachelors,2,4.6,3538.0,3.1,NO,Medium,No
E0316,33.0,MALE,Finance,Bachelors,0,2.0,12543.0,0.4,No,Medium,Yes
E0501,46.0,Male,Finance,Masters,0,0.1,4838.0,6.6,Yes,Medium,Yes
E0614,39.0,Female,Engineering,High School,0,0.5,5490.0,5.4,Yes,Medium,Yes
E0407,34.0,Female,Marketing,Masters,0,1.6,11332.0,2.4,Yes,High,No
E0156,49.0,Male,Engineering,Bachelors,0,2.0,8187.0,21.9,No,Medium,No
E0678,38.0,Male,HR,Masters,1,3.2,6076.0,8.8,No,Medium,No
E0254,27.0,Female,HR,Bachelors,2,4.3,5863.0,3.1,No,High,Yes
E0300,38.0,MALE,Sales,High School,1,6.8,2827.0,0.0,No,High,No
E0643,51.0,Male,Sales,Bachelors,2,7.5,3302.0,8.9,No,Low,No
E0471,38.0,Male,Engineering,High School,2,4.0,5080.0,1.1,No,High,No
E0517,40.0,Female,Engineering,High School,3+,,3612.0,7.3,No,High,No
E0465,26.0,Male,Sales,Masters,0,18.2,6934.0,4.3,No,Medium,No
E0283,42.0,Male,Sales,Masters,1,1.9,10831.0,8.9,Yes,,No
E0459,38.0,Male,Engineering,Masters,0,5.6,8494.0,,No,Medium,No
E0170,35.0,Male,Sales,Bachelors,2,0.7,7305.0,6.6,No,High,No
E0587,26.0,Female,Marketing,Bachelors,2,12.4,4779.0,5.2,No,Medium,No
E0272,38.0,Female,Finance,Bachelors,0,,4191.0,12.2,No,Medium,No
E0485,35.0,Male,Engineering,Bachelors,3+,16.4,4765.0,11.7,No,Medium,No
E0097,24.0,,Marketing,Bachelors,3+,2.4,9435.0,,Yes,Medium,No
E0151,34.0,male,Marketing,Bachelors,2,2.4,5559.0,137.4,NO,Medium,No
E0412,20.0,Male,Finance,Bachelors,2,1.4,1267.0,3.5,No,High,No
E0145,28.0,Female,Engineering,Bachelors,2,2.3,6126.0,4.0,No,Low,No
E0178,36.0,Female,Marketing,Masters,2,7.9,11662.0,6.3,no,High,No
E0682,40.0,Female,Sales,Masters,3+,2.2,2292.0,5.0,No,Excellent,Yes
E0022,30.0,male,Sales,Bachelors,2,1.4,12527.0,5.1,Yes,Medium,No
E0057,33.0,,Sales,High School,3+,5.2,8116.0,0.6,Yes,Excellent,No
E0255,33.0,Female,Engineering,Bachelors,3+,0.6,4462.0,6.1,Yes,Medium,Yes
E0119,48.0,male,Finance,Bachelors,2,1.6,2495.0,38.8,No,Excellent,No
E0431,27.0,Male,Engineering,Bachelors,0,0.3,4882.0,0.9,Yes,High,No
E0606,39.0,Male,HR,Bachelors,1,5.9,9096.0,1.5,No,Low,No
E0414,41.0,Male,Sales,Bachelors,0,2.8,4874.0,3.7,no,High,No
E0478,26.0,Male,Engineering,Masters,,2.6,2586.0,29.3,No,Excellent,No
E0353,30.0,Male,Sales,Masters,2,10.7,4179.0,2.3,no,Medium,No
E0203,36.0,Male,Engineering,,1,6.1,4594.0,11.8,No,Medium,No
E0487,29.0,Female,Engineering,High School,1,3.5,3219.0,43.3,No,Medium,Yes
E0602,30.0,Female,Marketing,High School,3+,2.0,3393.0,16.0,No,Excellent,Yes
E0462,28.0,Male,Engineering,Masters,2,2.1,5526.0,1.3,No,High,Yes
E0395,41.0,Male,Finance,Bachelors,1,1.6,5718.0,0.5,Yes,Medium,No
E0050,36.0,Female,Sales,Bachelors,1,3.6,3997.0,12.2,No,Low,No
E0552,39.0,Male,Finance,Bachelors,1,20.4,2251.0,22.3,Yes,Excellent,No
E0410,25.0,Female,HR,Masters,3+,4.0,5773.0,40.8,No,Excellent,Yes
E0468,50.0,Male,Sales,PhD,2,7.2,3269.0,17.9,No,High,No
E0397,41.0,FEMALE,Sales,PhD,0,4.5,6667.0,2.3,Yes,Medium,Yes
E0021,34.0,Female,Marketing,Bachelors,0,0.4,2062.0,2.5,No,Medium,No
E0326,41.0,MALE,Finance,PhD,0,0.3,5848.0,17.4,No,High,No
E0525,,Male,Sales,Bachelors,1,0.2,3332.0,0.2,No,,Yes
E0150,36.0,Male,Finance,Bachelors,0,,3749.0,17.2,No,Excellent,No
E0448,32.0,,Marketing,Masters,0,0.8,5439.0,2.9,No,High,No
E0005,20.0,Male,Marketing,High School,3+,0.2,,6.6,,Medium,No
E0399,39.0,,Engineering,Masters,3+,10.6,4200.0,9.9,Yes,Low,No
E0425,28.0,Female,HR,High School,0,6.1,1631.0,6.2,No,Excellent,Yes
E0426,32.0,FEMALE,Engineering,Bachelors,3+,1.6,4118.0,5.5,Yes,Medium,No
E0456,36.0,Female,Engineering,High School,2,3.5,9136.0,8.5,No,Excellent,No
E0679,38.0,Female,Marketing,High School,0,3.2,5739.0,10.0,,Medium,Yes
E0138,42.0,Female,Sales,Masters,3+,2.5,6182.0,2.6,Yes,Excellent,No
E0110,21.0,Male,HR,Masters,2,4.5,6007.0,16.7,No,Medium,No
E0290,34.0,Female,Marketing,Bachelors,0,4.7,9022.0,2.2,No,Medium,No
E0558,27.0,Male,Sales,Bachelors,1,15.0,3189.0,18.2,Yes,High,No
E0434,20.0,Male,Engineering,High School,3+,2.1,4745.0,3.8,No,Medium,No
E0657,28.0,Male,Engineering,Bachelors,0,0.5,5325.0,5.1,No,Medium,No
E0244,23.0,Female,Engineering,Bachelors,0,10.9,3544.0,3.4,No,Medium,No
E0575,37.0,Female,Engineering,PhD,2,1.9,4350.0,26.9,No,High,No
E0613,24.0,Male,Marketing,PhD,0,1.1,7564.0,2.1,No,High,No
E0676,38.0,Female,Finance,Bachelors,1,0.9,2435.0,3.9,No,Low,No
E0105,28.0,Female,,High School,0,5.9,3433.0,0.4,No,High,No
E0331,47.0,female,Sales,Bachelors,1,4.8,3694.0,17.1,No,Medium,Yes
E0064,40.0,Female,Marketing,Bachelors,0,21.7,2833.0,3.0,No,Medium,No
E0062,,Female,Engineering,Masters,1,1.1,2298.0,0.4,yes,Excellent,Yes
E0398,37.0,FEMALE,HR,Bachelors,2,8.3,6175.0,3.2,No,Medium,No
E0686,31.0,Male,HR,Masters,0,5.6,6195.0,4.3,no,High,Yes
E0084,32.0,Male,Engineering,Masters,1,1.5,2920.0,0.0,No,High,No
E0125,42.0,,HR,High School,0,3.1,6040.0,5.4,No,High,No
E0496,42.0,Male ,Engineering,Bachelors,1,0.4,3969.0,4.0,No,Medium,Yes
E0428,49.0,Male,Sales,Masters,0,2.6,3383.0,3.1,No,Excellent,No
E0561,34.0,male,HR,Masters,0,10.8,5245.0,2.0,No,High,No
E0422,28.0,Male,Engineering,Bachelors,0,18.0,,10.6,No,Excellent,No
E0340,40.0,Male,Marketing,Masters,0,1.2,5444.0,22.8,Yes,High,Yes
E0256,41.0,Female,Marketing,Bachelors,1,6.1,6424.0,11.9,YES,Medium,No
E0330,31.0,Male,Engineering,PhD,2,2.6,,26.4,Yes,Low,No
E0531,32.0,Female ,Engineering,PhD,1,2.0,6118.0,13.8,No,Medium,No
E0600,21.0,Male,Sales,Masters,0,3.5,,0.3,Yes,Medium,Yes
E0464,20.0,Male,Engineering,Masters,3+,3.7,,3.6,Yes,Excellent,No
E0680,34.0,male,,PhD,0,13.6,3905.0,21.5,Yes,Medium,No
E0269,35.0,Male,Finance,,0,2.8,1477.0,1.4,No,High,No
E0603,45.0,Male,Sales,,3+,0.0,6422.0,15.0,No,Medium,Yes
E0166,28.0,MALE,Finance,Bachelors,0,0.5,3562.0,11.8,No,High,No
E0181,45.0,Male,HR,Bachelors,2,9.5,,7.1,Yes,High,Yes
E0648,21.0,Female,Sales,Bachelors,0,0.8,5204.0,14.7,yes,Medium,Yes
E0012,41.0,Female,Sales,Bachelors,2,1.2,3496.0,0.4,YES,Medium,No
E0116,31.0,Female,Engineering,PhD,3+,2.1,3027.0,2.7,Yes,High,Yes
E0396,36.0,Male,Sales,Bachelors,0,8.3,7186.0,5.0,No,Medium,Yes
E0388,39.0,Male ,Engineering,Masters,3+,16.3,7153.0,1.9,Yes,Medium,Yes
E0408,42.0,MALE,Engineering,Bachelors,2,10.2,7719.0,6.7,No,Medium,No
E0463,22.0,Female,Finance,Masters,3+,7.8,1329.0,2.9,No,High,No
E0199,35.0,Male,Sales,High School,1,2.3,3020.0,6.5,Yes,Excellent,Yes
E0568,30.0,FEMALE,Sales,Bachelors,1,1.8,7988.0,22.3,No,Excellent,No
E0696,29.0,Male,Engineering,Masters,1,0.8,5622.0,5.0,No,Medium,No
E0641,23.0,Female,Marketing,Masters,1,3.6,7626.0,12.6,No,Medium,No
E0058,47.0,Male ,Sales,Masters,0,2.7,6256.0,2.8,No,Medium,No
E0536,40.0,Male,Sales,Masters,1,,4893.0,,Yes,Medium,Yes
E0281,39.0,Female,Finance,Bachelors,2,0.7,3976.0,1.3,Yes,Excellent,No
E0533,31.0,Male,Engineering,Bachelors,0,2.7,3028.0,7.4,Yes,Medium,Yes
E0275,48.0,Male,Engineering,Masters,3+,0.3,9521.0,2.4,No,Low,No
E0299,21.0,Female,Engineering,Masters,1,4.2,9564.0,5.2,No,High,No
E0055,31.0,Male,Finance,High School,3+,3.1,3711.0,18.2,YES,Low,Yes
E0298,32.0,Male,Marketing,Masters,2,1.9,2946.0,24.4,No,Excellent,No
E0185,38.0,Female,Engineering,Bachelors,0,5.0,3079.0,,No,Excellent,No
E0467,33.0,Female,Finance,Masters,1,6.6,7149.0,0.1,No,Medium,No
E0071,25.0,Male ,Finance,Masters,1,3.1,2579.0,6.4,Yes,High,No
E0555,34.0,Female,Marketing,Masters,0,3.1,6447.0,26.0,Yes,Low,No
E0560,28.0,Male,Marketing,Bachelors,1,3.1,14675.0,2.2,No,Excellent,No
E0393,31.0,Female ,Sales,Bachelors,1,2.2,3914.0,4.0,No,High,No
E0067,32.0,Male,Sales,Masters,1,0.1,1662.0,2.5,No,Medium,No
E0074,39.0,Male,Sales,Bachelors,0,2.9,6340.0,0.3,No,High,No
E0124,46.0,Female,HR,Bachelors,2,3.2,6513.0,67.0,,High,No
E0308,45.0,male,Sales,Masters,0,5.2,1225.0,2.6,No,Low,No
E0366,47.0,Female,HR,Bachelors,2,0.1,5738.0,9.3,No,High,Yes
E0596,32.0,male,Finance,High School,0,4.2,14333.0,0.4,NO,High,No
E0557,29.0,Male,HR,Bachelors,3+,5.2,5221.0,4.3,no,Excellent,No
E0378,20.0,Female,Finance,Bachelors,0,3.7,2632.0,22.1,No,Medium,No
E0700,33.0,Male,Engineering,Bachelors,1,0.2,3326.0,9.5,No,High,No
E0570,37.0,Male,Engineering,High School,0,1.9,6494.0,6.8,Yes,Excellent,Yes
E0098,27.0,Female,Finance,Masters,3+,1.6,3830.0,3.7,No,High,No
E0345,48.0,Female,Sales,Masters,0,9.2,3996.0,1.6,No,Excellent,No
E0054,32.0,Male,Marketing,Masters,1,0.9,4156.0,8.6,no,Medium,No
E0592,37.0,Male,Sales,Bachelors,2,4.9,1765.0,14.0,Yes,High,Yes
E0654,26.0,Female,HR,Masters,1,0.3,5679.0,13.8,No,Medium,No
E0669,31.0,Male,Engineering,High School,3+,8.8,6621.0,17.0,No,Excellent,No
E0231,23.0,Male,Marketing,PhD,0,2.8,7062.0,5.0,,High,No
E0292,36.0,Female,Engineering,Bachelors,1,2.3,7248.0,2.2,No,,Yes
E0147,30.0,Male,Sales,PhD,0,13.8,17185.0,8.6,No,Medium,No
E0645,32.0,MALE,Engineering,Bachelors,2,15.8,2011.0,0.6,No,High,No
E0675,42.0,Female,Marketing,Bachelors,1,2.7,12932.0,5.5,YES,Medium,No
E0189,24.0,Male,Sales,High School,1,7.3,1704.0,8.0,No,High,No
E0406,33.0,Female,Engineering,Masters,1,1.3,3735.0,0.7,No,High,No
E0087,31.0,Female,Marketing,Masters,0,1.3,5667.0,129.3,Yes,High,No
E0220,29.0,FEMALE,Sales,High School,1,2.9,3516.0,19.5,No,High,No
E0639,40.0,Male,Sales,Bachelors,1,1.7,5970.0,12.2,No,Excellent,No
E0553,37.0,Male,Sales,Bachelors,1,3.8,6733.0,12.4,No,High,No
E0579,33.0,Female,Engineering,High School,0,3.4,11087.0,7.6,Yes,High,Yes
E0045,36.0,Female,Sales,Bachelors,0,2.2,2404.0,14.5,Yes,Low,Yes
E0175,25.0,Female,Sales,Bachelors,0,0.8,5608.0,0.3,No,High,No
E0528,,Male,Sales,Masters,3+,0.2,1826.0,0.5,Yes,Medium,Yes
E0144,37.0,Male ,Sales,Masters,0,6.2,2553.0,26.7,No,High,No
E0482,46.0,Female,Engineering,Bachelors,1,0.2,2110.0,4.1,No,High,No
E0295,33.0,FEMALE,Finance,Bachelors,0,0.6,,2.4,No,High,No
E0140,58.0,Male,Sales,Bachelors,0,0.1,10071.0,0.4,Yes,High,No
E0163,52.0,Male,Sales,Masters,0,1.5,3436.0,4.2,Yes,Medium,No
E0296,36.0,Male,Engineering,Bachelors,1,4.9,4719.0,6.8,No,High,No
E0370,42.0,Male,Sales,Bachelors,1,0.8,3126.0,2.3,Yes,High,No
E0540,29.0,Male,Finance,Masters,0,8.6,3458.0,10.2,No,High,No
E0349,22.0,Female ,Engineering,Bachelors,0,9.4,5179.0,129.9,,Medium,No
E0204,40.0,Male,Engineering,Bachelors,0,2.9,9446.0,7.2,Yes,Medium,Yes
E0010,28.0,Male,Marketing,Bachelors,2,3.4,3113.0,4.6,No,Medium,No
E0572,34.0,Male,Sales,High School,2,0.1,3814.0,24.8,No,Low,No
E0301,49.0,Male,Engineering,Bachelors,1,6.5,4028.0,5.9,No,Excellent,No
E0263,37.0,Male,Sales,High School,0,2.3,11365.0,3.9,YES,Medium,No
E0297,37.0,Female,Sales,Masters,1,3.5,5497.0,4.3,No,Medium,No
E0164,28.0,Male,Finance,High School,0,0.1,12210.0,0.6,Yes,High,No
E0486,34.0,Female,Sales,High School,1,4.0,8847.0,3.8,No,Medium,No
E0550,90.0,Male,Marketing,Bachelors,0,0.2,3838.0,1.4,Yes,High,Yes
E0307,32.0,Female,HR,Bachelors,3+,0.9,11460.0,2.8,No,Low,No
E0437,31.0,Female,Sales,High School,1,3.4,5673.0,0.2,NO,,No
E0100,28.0,Female,Marketing,High School,3+,6.2,4863.0,1.0,No,Medium,No
E0116,31.0,Female,Engineering,PhD,3+,2.1,3027.0,2.7,Yes,High,Yes
E0361,34.0,Female,Finance,Bachelors,1,3.4,3373.0,18.4,yes,Low,Yes
E0667,22.0,Male,HR,Masters,0,,3667.0,9.5,Yes,High,Yes
E0294,20.0,Male,Sales,Bachelors,1,0.1,4867.0,12.6,no,High,No
E0072,26.0,Male ,Finance,Masters,1,3.2,13221.0,3.2,yes,Medium,No
E0167,42.0,Male,Engineering,Masters,3+,,6461.0,8.7,Yes,Low,No
E0490,40.0,Male,Sales,Bachelors,1,0.8,3998.0,2.5,No,High,No
E0131,32.0,Female,Engineering,PhD,0,2.9,3090.0,5.7,No,High,Yes
E0137,38.0,Male,Finance,Masters,1,,2917.0,20.4,No,High,Yes
E0017,38.0,Male,Sales,PhD,0,10.0,4008.0,10.5,No,High,No
E0114,23.0,Male ,Engineering,Bachelors,1,2.1,2456.0,2.2,No,High,No
E0008,32.0,Male,Sales,Masters,1,1.5,6793.0,8.3,No,High,No
E0196,28.0,Male,Sales,Masters,0,2.3,3522.0,7.3,No,Excellent,No
E0375,39.0,Male,Engineering,Bachelors,0,1.0,3665.0,22.4,No,Medium,No
E0174,25.0,Female,Sales,,0,0.6,6203.0,9.8,Yes,Medium,No
E0608,39.0,Female,Finance,PhD,0,2.5,2106.0,1.3,No,Medium,No
E0610,39.0,Male,Sales,PhD,0,,5755.0,21.9,No,Medium,Yes
E0068,31.0,Male ,HR,High School,1,2.8,2346.0,8.6,Yes,High,Yes
E0205,20.0,Female,Engineering,Masters,0,2.7,3439.0,6.1,,High,No
E0372,46.0,Female,Sales,Masters,0,2.2,11207.0,2.5,No,Medium,No
E0420,46.0,Male,Engineering,High School,0,5.3,5882.0,23.3,Yes,Medium,No
E0335,35.0,Female,Sales,Bachelors,1,6.4,4953.0,7.1,No,High,No
E0195,26.0,Male,Finance,High School,0,2.0,7448.0,1.5,Yes,Medium,No
E0484,40.0,,Sales,Bachelors,3+,,,1.6,no,Low,No
E0631,48.0,Male,Finance,High School,2,3.6,3104.0,16.4,Yes,Excellent,Yes
E0200,34.0,Female,HR,PhD,2,1.3,3161.0,15.4,No,Medium,Yes
E0383,22.0,Female,Engineering,Bachelors,0,2.9,5789.0,13.7,Yes,Medium,No
E0305,35.0,Female,Sales,PhD,1,5.1,3584.0,14.5,NO,Medium,Yes
E0504,23.0,female,Engineering,Bachelors,,6.5,4957.0,0.1,yes,High,Yes
E0341,20.0,MALE,Marketing,Bachelors,1,3.1,4443.0,3.6,Yes,Medium,Yes
E0277,29.0,,Engineering,High School,3+,0.3,,5.5,No,Medium,No
E0267,36.0,Male,HR,Masters,0,17.3,5994.0,0.5,Yes,Medium,Yes
E0446,,Male,Marketing,Bachelors,1,4.3,12206.0,17.6,Yes,Medium,Yes
E0230,33.0,Female,HR,Masters,2,5.0,2875.0,8.2,no,Medium,No
E0537,31.0,Male,Sales,Bachelors,0,6.0,7718.0,4.2,No,High,No
E0509,31.0,Male,Marketing,High School,0,3.3,,1.3,No,High,No
E0513,36.0,Female,Marketing,Bachelors,1,4.7,3573.0,3.3,Yes,High,No
E0663,28.0,Male,Finance,Bachelors,0,5.6,2466.0,6.4,No,High,No
E0450,38.0,Male,Finance,Masters,1,0.4,3052.0,3.5,No,,No
E0511,23.0,Male,HR,High School,2,0.8,2510.0,9.7,No,High,Yes
E0477,44.0,Male,Finance,Bachelors,1,4.9,2296.0,1.3,No,Excellent,Yes
E0223,36.0,Male,Marketing,High School,1,4.9,5781.0,16.7,No,High,No
E0106,33.0,Male,Marketing,Bachelors,0,0.3,4604.0,18.3,No,High,Yes
E0573,37.0,Female,Finance,Bachelors,3+,6.6,5728.0,22.7,No,Medium,No
E0201,38.0,Male,Finance,Masters,1,,6768.0,0.7,no,High,No
E0690,32.0,Male,Marketing,Masters,1,5.7,5126.0,12.3,NO,Medium,No
E0576,23.0,Male,Engineering,High School,0,4.4,6235.0,5.4,Yes,Medium,No
E0623,37.0,Male,Sales,Bachelors,1,3.9,3170.0,4.8,No,Excellent,No
E0325,50.0,Female,HR,Masters,0,8.4,2775.0,6.3,No,High,Yes
E0545,33.0,Male,Marketing,Bachelors,0,1.6,2072.0,9.3,No,Excellent,No
E0527,47.0,Female,Sales,Bachelors,1,8.9,3464.0,1.6,Yes,Medium,No
E0596,32.0,male,Finance,High School,0,4.2,14333.0,0.4,NO,High,No
E0288,35.0,Female,HR,Masters,0,1.6,4177.0,1.3,No,Low,No
E0035,40.0,Male,Sales,Bachelors,1,8.6,3924.0,14.7,Yes,Excellent,Yes
E0424,23.0,Male,Sales,PhD,2,2.7,15338.0,6.9,Yes,,Yes
E0350,47.0,Female,Sales,Masters,0,3.3,3665.0,25.5,No,Excellent,No
E0278,,Male,Engineering,Bachelors,1,1.5,6439.0,28.8,No,High,No
E0015,39.0,Male,Engineering,Bachelors,0,7.2,5300.0,1.1,Yes,High,Yes
E0354,42.0,Male,Finance,Masters,1,2.2,6639.0,8.1,No,,No
E0320,26.0,Female,Engineering,Masters,1,3.3,3527.0,0.7,Yes,Excellent,No
E0518,29.0,Male,Engineering,Masters,2,3.2,,22.5,No,Medium,Yes
E0400,29.0,Male ,Sales,PhD,0,4.3,3340.0,2.8,Yes,Medium,Yes
E0099,38.0,Male,Sales,Bachelors,3+,6.1,5651.0,2.7,No,Medium,No
E0632,55.0,Male ,Sales,Bachelors,1,0.6,6018.0,1.0,No,Medium,Yes
E0423,30.0,FEMALE,Sales,Bachelors,1,1.9,4321.0,15.1,No,Excellent,No
E0095,22.0,Male,HR,Masters,1,0.1,10837.0,10.1,No,High,No
E0032,32.0,Male,Marketing,PhD,0,2.4,1804.0,0.8,No,Excellent,No
E0441,33.0,male,Sales,Bachelors,0,0.9,2086.0,8.4,No,High,Yes
E0358,37.0,Male,Sales,Bachelors,0,2.8,9598.0,3.6,No,High,No
E0176,36.0,Female,Marketing,Bachelors,1,0.2,5150.0,0.9,No,Low,No
E0637,33.0,Female,Engineering,Bachelors,0,0.7,12860.0,5.1,yes,Medium,No
E0107,27.0,MALE,Finance,Bachelors,3+,0.2,3241.0,7.3,No,,No
E0695,28.0,Female,Sales,Bachelors,1,5.5,6195.0,1.4,No,Excellent,No
E0252,38.0,Male,HR,Bachelors,1,5.8,6900.0,2.7,Yes,Medium,Yes
E0660,32.0,Male,HR,PhD,0,0.1,4234.0,1.6,No,Medium,No
E0433,34.0,Male,Marketing,Masters,0,16.2,4728.0,14.7,No,Medium,No
E0443,38.0,Male,Finance,Bachelors,0,6.1,5667.0,4.7,No,Low,No
E0328,34.0,Male,Engineering,PhD,1,5.6,1038.0,0.7,No,High,Yes
E0687,41.0,Male ,Engineering,Masters,2,0.7,8569.0,0.8,No,Medium,No
E0394,39.0,Female ,HR,Masters,3+,,2020.0,5.0,Yes,High,No
E0688,47.0,Male,Sales,Bachelors,0,4.3,4211.0,21.2,Yes,Low,Yes
E0593,50.0,Male,Marketing,,1,0.3,5180.0,,no,Medium,Yes
E0567,34.0,Male,Engineering,Bachelors,2,0.3,4004.0,4.9,no,High,No
E0392,35.0,Female,Finance,Masters,2,,7432.0,16.8,Yes,High,Yes
E0210,32.0,female,HR,Masters,,1.9,4327.0,3.6,Yes,High,No
E0438,26.0,Male,Engineering,Bachelors,1,0.5,7287.0,3.8,No,High,No
E0489,28.0,Female,HR,Masters,2,1.6,7633.0,4.2,Yes,,No
E0214,,Male,Engineering,PhD,0,1.0,4667.0,1.4,No,High,No
E0376,,Female,Engineering,Bachelors,1,4.0,3614.0,2.5,No,Medium,Yes
E0421,36.0,Male,Engineering,Masters,0,16.3,4247.0,4.4,No,Low,Yes
E0102,45.0,Male,Engineering,PhD,,1.5,10212.0,7.6,No,Medium,No
E0311,44.0,Female,HR,High School,2,10.2,6719.0,3.6,No,Excellent,No
E0583,33.0,Female,Engineering,Bachelors,2,0.4,2401.0,13.0,No,Medium,No
E0056,30.0,Male,Marketing,High School,0,,1676.0,12.7,No,High,No
E0069,42.0,Male,Marketing,Bachelors,0,5.6,4680.0,9.8,No,Medium,Yes
E0042,39.0,Female,Engineering,Masters,2,1.3,4525.0,15.4,No,Low,No
E0086,39.0,Male,Engineering,Masters,0,1.2,2797.0,0.4,Yes,Medium,Yes
E0535,22.0,Male,Sales,Masters,2,1.7,,5.4,Yes,High,No
E0425,28.0,Female,HR,High School,0,6.1,1631.0,6.2,No,Excellent,Yes
E0135,23.0,Male,,Masters,2,2.3,3002.0,13.1,No,Medium,Yes
E0197,40.0,Female,Marketing,PhD,0,3.0,11136.0,1.1,Yes,Low,No
E0474,36.0,female,Finance,Masters,0,5.3,3269.0,1.2,NO,Medium,No
E0217,39.0,Male,Sales,Bachelors,1,1.7,2762.0,22.8,Yes,High,Yes
E0285,26.0,FEMALE,Engineering,High School,0,1.4,4319.0,18.0,No,High,No
E0148,,Male,Sales,,0,3.4,3664.0,17.9,Yes,Medium,Yes
E0418,46.0,Male,Engineering,Bachelors,,1.3,4257.0,2.7,No,Medium,No
E0112,37.0,Male ,Finance,Bachelors,2,1.7,8914.0,7.2,Yes,Medium,No
E0681,42.0,Male,Finance,Bachelors,2,1.2,7561.0,33.2,No,Medium,No
E0617,41.0,Male,Finance,Masters,2,2.2,8765.0,17.2,No,Excellent,No
E0493,33.0,Male,Engineering,Masters,2,0.2,6559.0,7.3,yes,Medium,No
E0589,37.0,Female,Marketing,Bachelors,1,6.2,9365.0,13.6,yes,Medium,Yes
E0306,27.0,Female,Sales,PhD,0,0.4,3796.0,4.0,Yes,High,Yes
E0635,33.0,Female,Sales,Bachelors,1,3.5,3425.0,14.2,No,Excellent,No
E0337,30.0,Female,HR,High School,3+,11.2,3293.0,1.0,No,High,Yes
E0430,38.0,Female,Sales,Bachelors,1,2.2,7509.0,6.5,No,Medium,No
E0268,38.0,Female,Finance,Masters,2,1.5,3191.0,17.7,yes,High,Yes
E0411,23.0,Female,Sales,,3+,3.3,5402.0,8.7,No,High,No
E0389,37.0,Male,Finance,Bachelors,3+,7.3,4771.0,3.2,No,Medium,No
E0594,22.0,Female,HR,PhD,1,0.2,5065.0,1.9,No,High,Yes
E0524,33.0,Male,Sales,Bachelors,0,16.2,2903.0,8.4,No,High,No
E0013,36.0,,Finance,Bachelors,1,4.8,5257.0,,Yes,High,No
E0063,36.0,Female,Sales,Bachelors,1,1.3,3723.0,0.9,No,High,No
E0171,30.0,Male,Sales,Bachelors,1,6.2,6074.0,5.3,No,High,No
E0182,37.0,Male,Engineering,High School,0,2.6,,30.3,Yes,Medium,No
E0193,32.0,Female,Engineering,Masters,2,5.0,,0.3,Yes,Medium,Yes
E0190,48.0,Male,Sales,Bachelors,0,4.2,5639.0,14.2,No,High,No
E0113,30.0,Female,Sales,Bachelors,0,2.6,7331.0,2.5,no,Medium,Yes
E0103,32.0,Male,Sales,Bachelors,0,0.2,4673.0,16.2,No,Medium,No
E0078,36.0,Male,HR,Bachelors,3+,6.9,4340.0,3.8,NO,Medium,Yes
E0191,49.0,Female,,Masters,0,0.9,3894.0,4.5,No,Medium,Yes
E0628,46.0,Male,Engineering,High School,0,3.5,5685.0,7.4,No,Medium,No
E0445,32.0,Male,HR,Masters,0,1.7,2447.0,17.3,No,High,No
E0053,23.0,Female,Engineering,Masters,1,1.7,5924.0,12.9,No,Excellent,No
E0029,38.0,Male,Marketing,Bachelors,1,6.7,3951.0,12.4,No,High,No
E0066,41.0,Female,Sales,Bachelors,0,0.7,7747.0,1.4,No,High,No
E0618,37.0,Female,Engineering,High School,0,2.0,9092.0,5.2,No,Medium,No
E0542,28.0,female,Engineering,Masters,2,2.7,4258.0,1.1,No,High,No
E0291,33.0,Male,Engineering,High School,0,0.9,12867.0,13.0,No,Medium,No
E0627,32.0,MALE,Engineering,PhD,1,1.3,3580.0,21.7,No,Medium,No
E0620,47.0,Male,Engineering,Masters,3+,6.9,10562.0,3.5,No,Low,No
E0332,40.0,MALE,Sales,Bachelors,2,0.3,10689.0,18.8,NO,Medium,No
E0083,32.0,Male,Marketing,Masters,0,,9487.0,4.6,Yes,Low,Yes
E0309,40.0,Male,Marketing,Bachelors,0,1.3,3029.0,1.8,No,High,No
E0391,20.0,,HR,Bachelors,0,1.5,5020.0,3.4,No,High,No
E0387,39.0,Male ,Finance,,0,0.7,5989.0,13.5,yes,,No
E0360,34.0,Male,Finance,Masters,0,0.6,12627.0,1.6,No,Medium,No
E0355,44.0,Female,Sales,,2,2.4,3533.0,9.0,No,Medium,No
E0612,37.0,male,HR,Masters,0,0.4,4224.0,5.1,Yes,Medium,No
E0160,,Male,Marketing,Masters,0,0.8,16823.0,3.8,No,Medium,No
E0473,33.0,Male,Engineering,Bachelors,1,5.6,9236.0,4.0,No,High,No
E0245,52.0,Female,Marketing,High School,1,1.5,5981.0,1.3,Yes,High,Yes
E0554,51.0,Male,,High School,3+,19.9,6977.0,28.7,No,High,No
E0634,20.0,Male,Sales,Bachelors,2,2.7,4381.0,9.1,No,Medium,No
E0454,52.0,Male,Engineering,Bachelors,2,3.2,5812.0,8.3,No,High,No
E0127,47.0,Male,Sales,High School,0,3.5,7640.0,36.2,yes,Excellent,No
E0233,38.0,Male,Engineering,PhD,2,4.5,5729.0,7.4,Yes,High,Yes
E0212,24.0,Female,HR,High School,1,,2949.0,,No,High,No
E0323,44.0,Female,HR,Bachelors,2,0.6,2286.0,9.6,Yes,Medium,No
E0362,38.0,Female,Finance,PhD,1,0.4,1390.0,0.9,No,Medium,No
E0551,38.0,Male,Engineering,Bachelors,0,9.2,4472.0,8.9,Yes,High,No
E0293,47.0,Male,Sales,Bachelors,1,1.4,5112.0,10.9,No,High,No
E0213,35.0,Male,Sales,PhD,0,6.3,5863.0,1.4,yes,High,Yes
E0266,,Male,Sales,High School,0,1.7,8429.0,2.0,yes,High,Yes
E0104,41.0,Male,Marketing,Bachelors,1,0.6,7262.0,2.2,Yes,Excellent,Yes
E0563,35.0,Male,Sales,Masters,1,9.0,5472.0,10.7,No,Low,No
E0449,44.0,Female,HR,Bachelors,0,1.9,7665.0,0.4,Yes,High,Yes
E0565,42.0,Male,Engineering,Masters,1,4.8,2745.0,12.7,No,Low,Yes
E0334,27.0,Female,Marketing,Bachelors,2,3.8,7767.0,28.7,Yes,,Yes
E0521,27.0,Female,Sales,High School,3+,1.1,,14.9,No,Medium,No
E0009,35.0,Male,HR,,0,4.3,3813.0,18.8,NO,Medium,Yes
E0259,34.0,male,Engineering,Masters,0,1.4,5468.0,1.3,YES,,Yes
E0229,28.0,MALE,Engineering,Bachelors,2,1.3,5811.0,5.9,No,Excellent,No
E0238,34.0,Male,Finance,Masters,0,3.4,1300.0,1.8,Yes,Low,No
E0649,36.0,Male,Engineering,Masters,2,3.0,46701.0,8.3,Yes,Medium,No
E0672,37.0,Female,Sales,,1,3.7,6704.0,10.9,Yes,High,No
E0183,32.0,Male,Marketing,High School,3+,0.6,3183.0,4.6,NO,High,No
E0475,40.0,Female,Sales,Masters,0,0.7,5848.0,7.8,No,Low,No
E0514,34.0,Male,Finance,Masters,2,2.3,10426.0,18.0,No,High,No
E0198,32.0,FEMALE,Engineering,Bachelors,0,2.7,7273.0,35.6,Yes,High,Yes
E0282,21.0,Male,Marketing,Masters,2,4.1,7642.0,7.4,No,Medium,No
E0158,43.0,FEMALE,Sales,Masters,1,2.6,,0.2,Yes,Medium,No
E0452,38.0,Male,Sales,Masters,0,0.7,5469.0,15.9,No,Excellent,No
E0673,29.0,Female,Marketing,Bachelors,,3.2,5514.0,1.3,No,High,No
E0630,20.0,Male,Sales,Masters,2,0.3,7094.0,31.2,No,Medium,No
E0108,32.0,Male,Finance,Masters,0,2.0,9276.0,0.0,NO,Medium,No
E0051,37.0,Male,Sales,Masters,2,10.4,13287.0,15.8,Yes,Medium,No
E0188,25.0,MALE,Marketing,Bachelors,0,4.9,3936.0,6.0,Yes,,No
E0342,37.0,Female,Sales,Bachelors,,4.0,3118.0,9.7,No,Low,No
E0416,37.0,Male,HR,,0,2.7,5658.0,5.2,No,Medium,No
E0165,42.0,Male,Finance,Bachelors,3+,8.0,7790.0,5.2,no,Medium,No
E0367,29.0,Female,HR,Masters,0,3.2,9678.0,4.8,YES,Excellent,Yes
E0023,45.0,Male,Sales,Bachelors,3+,12.9,2755.0,17.2,No,Medium,No
E0319,43.0,Female,Finance,Bachelors,1,4.4,7411.0,7.2,No,High,No
E0235,29.0,Male,Finance,Masters,1,2.4,3083.0,8.8,No,High,Yes
E0169,34.0,Female,Sales,High School,0,,3862.0,20.6,No,High,No
E0597,88.0,Female ,Sales,High School,2,5.0,9297.0,0.4,No,Low,No
E0356,37.0,Male ,Finance,Masters,1,7.0,17633.0,1.8,No,Excellent,No
E0070,33.0,Female,Sales,Masters,3+,5.2,3948.0,20.8,Yes,Medium,Yes
E0402,37.0,Male,Marketing,Bachelors,3+,0.6,6188.0,8.3,Yes,High,No
E0187,36.0,Male,Sales,Bachelors,3+,6.1,2517.0,2.8,No,Medium,No
E0588,28.0,male,Finance,High School,2,3.9,6799.0,9.2,No,High,No
E0439,30.0,Female,Engineering,Bachelors,3+,4.3,2703.0,4.4,Yes,Medium,No
E0655,40.0,Female,Engineering,PhD,0,3.3,3917.0,13.2,Yes,Medium,Yes
E0495,33.0,Male,Marketing,PhD,0,3.7,8137.0,8.4,no,Excellent,No
E0562,38.0,FEMALE,Finance,PhD,,10.1,2761.0,0.6,No,High,No
E0365,34.0,Male,Marketing,High School,2,3.3,5394.0,5.8,No,High,No
E0206,35.0,Male,HR,Bachelors,3+,10.9,5234.0,10.4,Yes,High,Yes
E0352,42.0,Male,Finance,Masters,2,6.6,2221.0,1.8,No,Medium,No
E0152,27.0,Male,HR,Bachelors,1,2.7,,1.8,yes,High,No
E0699,28.0,Female,HR,Bachelors,0,0.8,6183.0,5.9,No,High,No
E0595,25.0,Male,Sales,High School,2,2.7,5479.0,17.2,No,Excellent,No
E0541,22.0,Male,Engineering,Masters,2,0.1,5062.0,0.7,Yes,Medium,Yes
E0030,38.0,MALE,Sales,High School,1,5.4,5073.0,1.1,No,High,No
E0128,25.0,Male,Sales,Bachelors,0,5.4,4047.0,8.1,No,High,No
E0640,39.0,Female,Finance,Masters,1,0.6,4937.0,6.6,Yes,High,Yes
E0239,27.0,Female,Engineering,Masters,,1.1,9308.0,10.0,No,Medium,No
E0162,29.0,Male,Engineering,Bachelors,0,1.2,5803.0,6.4,NO,Low,No
E0664,32.0,Male,Marketing,High School,1,1.2,,23.7,No,Medium,No
E0522,28.0,Male,Finance,Bachelors,2,3.8,2590.0,1.3,No,High,No
E0646,34.0,Male,Engineering,High School,1,2.5,8767.0,0.4,No,Medium,No
E0324,41.0,Female,Marketing,Masters,0,1.8,3194.0,4.1,No,Medium,No
E0117,37.0,Female,Marketing,Masters,0,5.2,7194.0,3.0,No,,No
E0480,56.0,Male,Finance,High School,1,0.2,13464.0,13.1,Yes,Medium,Yes
E0343,36.0,MALE,Engineering,Bachelors,1,2.3,8210.0,4.7,NO,Medium,No
E0258,32.0,Female,Finance,Bachelors,1,6.4,1076.0,2.4,No,Medium,No
E0520,48.0,Female,HR,High School,3+,4.3,9501.0,23.4,No,Medium,No
E0659,45.0,Male,Engineering,High School,0,2.0,2871.0,1.0,Yes,High,Yes
E0601,39.0,Male,HR,PhD,0,2.6,4768.0,7.9,YES,High,Yes
E0380,31.0,Male,Engineering,Bachelors,0,1.9,4536.0,16.6,no,High,No
E0047,42.0,Female,Marketing,Bachelors,1,5.4,3435.0,13.7,Yes,High,Yes
E0004,43.0,Male,Sales,High School,0,0.4,5110.0,9.9,No,Medium,No
E0369,37.0,Female,Engineering,Bachelors,1,0.8,7455.0,8.5,No,High,Yes
E0665,34.0,Male,Sales,Bachelors,3+,3.6,1271.0,5.1,No,Low,No
E0515,,Male,Engineering,Bachelors,2,0.2,3730.0,2.8,YES,Low,No
E0236,30.0,Male,Engineering,Masters,1,1.8,6631.0,17.6,Yes,Excellent,No
E0031,52.0,Male,Engineering,Bachelors,0,6.0,4413.0,1.3,No,High,No
E0155,35.0,Female,Engineering,Bachelors,3+,2.5,3673.0,4.1,Yes,Medium,Yes
E0684,31.0,Female,Sales,Masters,1,4.2,3772.0,2.0,no,Medium,No
E0351,38.0,Female,Marketing,Bachelors,1,2.6,3117.0,1.1,Yes,Medium,Yes
E0661,21.0,Female,Finance,Bachelors,0,3.2,5925.0,26.6,Yes,High,Yes
E0052,40.0,Female,Engineering,High School,3+,0.2,,16.0,No,High,No
E0508,38.0,Male,Sales,Bachelors,1,3.2,12806.0,9.8,No,Medium,No
E0037,34.0,Female,Engineering,Bachelors,2,6.0,5981.0,12.4,Yes,High,No
E0079,40.0,Female,Marketing,Bachelors,2,9.4,6787.0,1.1,Yes,High,No
E0014,44.0,Male,Sales,Bachelors,0,2.7,2367.0,0.1,No,High,No
E0059,28.0,Male,Sales,Bachelors,1,3.6,4572.0,3.4,Yes,Medium,Yes
E0234,45.0,Male,Engineering,PhD,0,0.1,1980.0,3.9,No,High,Yes
E0538,44.0,Male,Marketing,Bachelors,0,3.6,7851.0,2.0,No,Medium,No
E0607,41.0,Male,Sales,Bachelors,,1.7,5262.0,27.0,No,High,No
E0413,30.0,Female,Engineering,Masters,1,5.9,3178.0,39.9,No,High,No
E0479,35.0,Male,Sales,Masters,1,10.1,5030.0,5.8,No,Medium,No
E0194,47.0,,HR,Masters,,6.5,2600.0,2.0,Yes,Medium,No
E0385,22.0,Male,Marketing,Masters,1,0.8,3448.0,18.3,Yes,High,Yes
E0405,39.0,Female,Marketing,Bachelors,2,9.9,3216.0,1.6,Yes,Low,Yes
E0046,37.0,Male ,Marketing,High School,1,9.2,2992.0,12.2,No,High,No
E0488,38.0,Male,Sales,High School,2,3.6,5957.0,0.7,No,Medium,No
E0025,32.0,Male ,Finance,Bachelors,0,,8333.0,1.0,Yes,Medium,Yes
E0472,32.0,Male,Finance,PhD,2,7.0,4201.0,7.3,NO,High,No
E0257,38.0,Male,Sales,Bachelors,3+,5.5,5304.0,7.0,No,,No
E0644,36.0,Male,Engineering,High School,0,4.6,4810.0,0.1,Yes,Medium,No
E0492,38.0,Female,Sales,Masters,2,0.6,5064.0,2.0,No,High,Yes
E0247,26.0,Male,Sales,Bachelors,3+,0.8,11260.0,7.9,No,High,No
E0123,37.0,Male,,Bachelors,0,2.8,38558.0,10.5,NO,Low,No
E0207,28.0,Male,HR,High School,2,4.7,8059.0,24.6,Yes,High,No
E0177,48.0,Female,HR,Bachelors,3+,0.0,3629.0,0.4,No,Medium,No
E0577,46.0,Male,Engineering,Masters,2,0.7,4200.0,10.4,Yes,High,Yes
E0001,37.0,Male,Marketing,Bachelors,1,7.8,1523.0,3.7,No,High,No
E0227,55.0,Male,Finance,Bachelors,0,3.7,6005.0,11.2,Yes,Excellent,Yes
E0668,39.0,Male,Finance,PhD,3+,0.2,5385.0,1.3,No,Excellent,No
E0250,26.0,Male,Finance,Bachelors,0,4.7,7427.0,0.4,Yes,High,No
E0470,27.0,Female,Sales,Bachelors,0,2.6,4825.0,7.6,Yes,High,No
E0109,42.0,Female,Engineering,Masters,3+,7.4,5842.0,35.3,No,High,No
E0427,41.0,Male,HR,Bachelors,3+,10.2,4991.0,23.1,No,Medium,Yes
E0006,25.0,Female,Sales,Masters,0,4.6,4929.0,3.6,No,Medium,No
E0261,33.0,Male,Marketing,Bachelors,0,0.3,6249.0,4.3,Yes,Medium,No
E0662,35.0,Male,Engineering,,0,0.4,4574.0,0.9,Yes,Excellent,Yes
E0314,39.0,Female,Sales,Bachelors,0,6.9,5172.0,0.7,No,Medium,No
E0060,43.0,Male,Sales,Bachelors,2,3.2,4668.0,15.9,Yes,Low,Yes
E0346,20.0,FEMALE,Sales,Bachelors,1,4.2,5377.0,1.1,No,Medium,No
E0048,37.0,Female,Sales,,3+,0.7,7625.0,8.0,No,Medium,Yes
E0616,,Male,Sales,Bachelors,0,1.5,2464.0,5.6,Yes,Excellent,Yes
E0303,42.0,Male,HR,High School,2,9.6,13530.0,3.5,No,High,No
E0571,23.0,Female,Finance,Bachelors,3+,1.4,2886.0,6.1,Yes,Excellent,Yes
E0287,37.0,Male,Engineering,High School,2,0.9,7720.0,29.7,No,Low,No
E0636,33.0,Male,HR,Masters,0,8.3,4613.0,3.3,No,High,No
E0697,20.0,Male,Finance,Masters,0,10.6,2257.0,7.8,No,Medium,No
E0313,49.0,Male,Engineering,Masters,0,3.6,4896.0,10.3,Yes,High,Yes
E0685,32.0,Male,Finance,Masters,0,0.9,,0.3,Yes,High,Yes
E0683,45.0,female,Engineering,Masters,0,6.9,4838.0,0.5,Yes,Low,No
E0590,48.0,Male,Sales,Bachelors,2,12.5,5833.0,0.4,No,Medium,No
E0460,35.0,Male,Marketing,High School,0,2.6,2364.0,1.8,No,High,No
E0461,38.0,Female,Engineering,Masters,3+,0.2,41183.0,6.0,No,Medium,No
E0384,25.0,Female,Finance,Masters,3+,9.2,5709.0,0.0,No,High,No
E0018,27.0,Female,Marketing,,3+,6.6,8431.0,11.9,No,High,No
E0569,39.0,Female,Engineering,Bachelors,3+,5.6,6677.0,0.7,No,Medium,No
E0043,30.0,Female,Engineering,Masters,1,0.3,2816.0,0.3,No,Low,Yes
E0621,31.0,Male,Finance,Bachelors,1,0.7,8480.0,10.3,YES,Low,No
E0653,48.0,Male,Sales,Bachelors,1,6.3,6840.0,9.6,Yes,High,No
E0626,31.0,Female,Engineering,Masters,3+,0.1,4123.0,1.5,No,Excellent,Yes
E0677,54.0,Female,HR,Bachelors,1,3.5,6167.0,2.3,Yes,Excellent,No
E0512,33.0,Female,Marketing,Bachelors,1,5.5,3951.0,5.4,Yes,High,Yes
E0077,32.0,Male,Engineering,Bachelors,0,9.3,4134.0,1.0,NO,High,No
E0142,27.0,Female,Marketing,PhD,2,2.4,3405.0,7.0,Yes,High,No
E0666,21.0,female,Engineering,PhD,0,0.8,4000.0,1.0,No,Medium,No
E0599,37.0,Female,Marketing,Masters,2,6.7,3091.0,1.0,No,High,No
E0153,22.0,Female,Marketing,High School,2,0.8,4868.0,0.9,Yes,Medium,Yes
E0033,31.0,Female,Engineering,Bachelors,0,5.8,8761.0,1.1,No,High,No
E0016,28.0,Male,Engineering,Masters,2,2.0,3136.0,11.9,No,High,Yes
E0436,30.0,Male,HR,Masters,2,3.6,4551.0,4.6,Yes,Medium,No
E0499,20.0,Male ,Engineering,Masters,3+,10.7,3696.0,19.3,No,High,No
E0506,31.0,,Sales,Masters,3+,2.1,5457.0,4.0,No,High,No
E0404,32.0,Male,Engineering,High School,0,1.4,8707.0,9.2,No,Medium,No
E0451,34.0,Female,Finance,Bachelors,3+,0.1,3805.0,18.3,YES,High,Yes
E0036,99.0,MALE,Engineering,Bachelors,1,2.5,3778.0,9.5,No,Low,Yes
E0226,37.0,Male,HR,Bachelors,0,4.7,4981.0,27.6,No,Medium,Yes
E0173,31.0,Male,Finance,Masters,0,2.3,4896.0,14.3,Yes,Medium,No
E0242,34.0,Male,Sales,Bachelors,0,0.8,8223.0,2.1,No,High,No
E0530,48.0,Male,Sales,PhD,1,3.9,9113.0,1.1,Yes,Medium,No
E0344,38.0,Male,HR,Bachelors,3+,3.5,6190.0,0.2,Yes,Excellent,No
E0157,36.0,Male,HR,Masters,0,0.8,6545.0,3.7,No,Medium,No
E0633,32.0,Male,Marketing,Masters,3+,6.6,3852.0,13.4,Yes,High,No
E0698,27.0,Male,Marketing,Masters,1,0.1,2190.0,5.1,No,Excellent,No
E0624,30.0,Female,Finance,Masters,0,0.5,,2.2,No,High,No
E0507,54.0,Male ,Marketing,PhD,1,0.8,1538.0,3.7,NO,Low,Yes
E0691,38.0,Male,Sales,High School,0,0.1,3200.0,2.0,No,Low,No
E0556,33.0,Male,Sales,Bachelors,3+,3.3,3236.0,0.9,No,Medium,Yes
E0216,43.0,Male ,Sales,Masters,0,4.6,8407.0,18.4,Yes,Medium,Yes
E0209,28.0,male,Sales,PhD,3+,2.1,45881.0,,yes,Medium,No
E0065,41.0,Male,Engineering,PhD,0,0.5,12124.0,2.0,No,High,No
E0011,42.0,Male,Sales,Bachelors,0,0.4,22676.0,4.2,Yes,Excellent,Yes
E0179,34.0,Female,HR,Masters,2,0.1,2957.0,47.7,Yes,Medium,Yes
E0253,49.0,Female,Engineering,PhD,0,11.1,3464.0,3.5,Yes,High,No
E0604,30.0,Male,Engineering,Bachelors,3+,4.6,5977.0,9.7,Yes,High,No
E0262,33.0,Female,Finance,Masters,2,1.4,4750.0,7.3,No,High,No
E0101,32.0,Female,HR,Bachelors,1,3.3,2140.0,9.3,Yes,High,Yes
E0168,38.0,Female,Sales,Masters,3+,3.1,5688.0,0.6,No,,No
E0578,45.0,Male,Sales,Bachelors,0,8.4,5598.0,21.4,No,High,Yes
E0315,42.0,Male,Marketing,Masters,1,3.5,7633.0,22.2,No,Excellent,No
E0519,42.0,Female,Sales,Masters,3+,7.7,4422.0,2.6,Yes,Medium,Yes
E0615,29.0,Female,Sales,PhD,0,0.0,2591.0,0.9,No,Medium,No
E0447,44.0,Male,Engineering,High School,0,8.9,3688.0,12.8,No,High,No
E0656,38.0,Male,Engineering,,,1.5,3613.0,28.0,YES,,Yes
E0368,28.0,Male,Engineering,Bachelors,0,3.8,,2.6,Yes,Medium,No
E0146,32.0,Female,Marketing,Masters,1,4.1,6715.0,11.3,No,Medium,No
E0363,43.0,Male,Engineering,Bachelors,1,,4000.0,3.7,No,Low,No
E0651,50.0,,Engineering,Bachelors,0,4.6,3182.0,1.2,No,Medium,No
E0322,33.0,Male,Sales,Bachelors,0,4.6,2074.0,3.3,No,Medium,No
E0186,47.0,Female,Engineering,PhD,1,0.1,5878.0,2.2,No,Medium,No
E0133,40.0,Male,Engineering,High School,1,1.9,1699.0,7.6,No,Excellent,Yes
E0120,33.0,Female ,Finance,Bachelors,,3.0,4550.0,7.9,No,High,No
E0692,33.0,Female,Sales,Bachelors,0,,4395.0,3.5,No,Medium,Yes
E0039,28.0,FEMALE,HR,Masters,0,0.5,1619.0,0.0,Yes,Medium,No
E0494,39.0,MALE,Engineering,Bachelors,2,1.7,4964.0,2.0,No,High,No
E0650,32.0,Female,Sales,Bachelors,0,3.0,,6.2,No,Low,Yes
E0339,44.0,Male,Marketing,Masters,0,7.6,,9.9,No,Excellent,No
E0085,25.0,Male,Finance,High School,1,5.6,3151.0,3.6,No,High,No
E0225,36.0,Male,Engineering,Bachelors,0,3.3,2363.0,2.1,Yes,Medium,Yes
E0020,35.0,Male,Engineering,Bachelors,2,3.9,6644.0,8.7,YES,Medium,Yes
E0073,28.0,Female,Marketing,Bachelors,1,2.4,5846.0,4.3,No,Excellent,No
E0419,34.0,Male,Sales,Bachelors,1,16.8,2946.0,0.9,No,High,No
E0076,41.0,Female,Finance,Bachelors,1,18.5,7175.0,1.7,No,Medium,No
E0381,36.0,Female,Sales,Bachelors,1,0.4,3717.0,52.3,No,High,No
E0386,29.0,Female,Sales,Bachelors,3+,0.6,4706.0,1.4,NO,High,Yes
E0453,51.0,Female,Engineering,Bachelors,2,4.0,20867.0,1.3,No,High,No
E0265,39.0,Male,Sales,Bachelors,1,6.3,6223.0,1.5,No,High,No
E0041,41.0,Male,Finance,Bachelors,3+,1.8,6482.0,0.5,No,Medium,No
E0429,24.0,Female,Sales,Bachelors,2,1.8,7841.0,11.5,Yes,Medium,No
E0161,27.0,male,Engineering,Masters,0,3.0,3323.0,2.3,No,Excellent,No
E0111,38.0,Female,Engineering,Masters,1,6.9,9860.0,3.4,No,Medium,Yes
E0304,32.0,Male,Sales,Bachelors,1,0.7,4047.0,21.6,No,Excellent,No
E0671,41.0,male,Engineering,Bachelors,0,0.6,3502.0,5.8,No,High,No
E0049,40.0,Male,Engineering,Masters,2,2.0,4171.0,,No,High,Yes
E0510,39.0,Female,Finance,Bachelors,1,6.4,6684.0,20.8,Yes,High,Yes
E0019,42.0,Male,Marketing,Bachelors,2,7.6,6331.0,0.2,No,Medium,No
E0044,37.0,Male,Finance,Bachelors,0,2.4,5227.0,3.0,No,Low,Yes
E0274,52.0,FEMALE,Sales,High School,2,2.7,5386.0,0.0,No,High,No
E0444,46.0,Female,Sales,Bachelors,0,5.0,6437.0,1.0,No,,No
E0091,40.0,male,Sales,High School,2,1.9,2654.0,20.6,Yes,Medium,Yes
E0276,38.0,Male,Marketing,PhD,0,0.4,4314.0,10.5,no,High,No
E0115,36.0,Male,Finance,Bachelors,0,4.7,3531.0,4.3,no,Medium,No
E0329,26.0,Female,Engineering,Bachelors,2,1.7,2967.0,15.6,Yes,Excellent,Yes
E0581,20.0,Male,Engineering,High School,0,0.1,9017.0,24.8,No,Low,No
E0466,31.0,Female,Sales,Bachelors,2,4.0,4441.0,12.9,No,High,No
E0132,24.0,Male,Sales,Masters,0,6.1,5906.0,9.9,No,Medium,No
E0002,27.0,Male,HR,High School,1,5.3,5886.0,25.7,No,,No
E0228,50.0,Female,Engineering,Bachelors,2,3.3,3165.0,2.6,No,Medium,No
E0134,33.0,Female,Finance,Masters,0,1.4,4908.0,21.9,No,Medium,No
E0249,58.0,Female,Sales,Bachelors,3+,6.7,,7.7,No,Excellent,No
E0284,39.0,Female,Engineering,Masters,1,4.3,5638.0,12.8,YES,Medium,No
E0497,20.0,female,Engineering,Masters,1,7.4,2573.0,7.8,Yes,Excellent,Yes
E0336,25.0,Male,Engineering,Bachelors,0,7.0,4895.0,1.5,Yes,Medium,No
E0440,38.0,male,Engineering,Bachelors,0,0.5,2957.0,56.4,No,Medium,No
E0264,31.0,Male,Engineering,Bachelors,0,1.8,5842.0,2.2,Yes,Low,Yes
E0143,20.0,Male ,Finance,,2,3.1,4419.0,10.8,No,Medium,Yes
E0246,25.0,Female,Marketing,Bachelors,0,6.8,12182.0,8.6,Yes,High,Yes
E0028,38.0,Female,Engineering,High School,2,6.3,5394.0,18.3,Yes,High,Yes
E0442,38.0,Male,Marketing,Bachelors,1,0.2,7711.0,1.7,No,High,No
E0139,51.0,Female,Marketing,Bachelors,0,3.5,5049.0,4.2,No,Excellent,No
E0364,27.0,Male,Sales,Bachelors,1,5.8,6610.0,0.9,No,Medium,Yes
E0090,39.0,Male,Engineering,High School,2,0.5,3011.0,127.2,No,Medium,No
E0024,34.0,Female,Engineering,Masters,0,1.2,10737.0,6.5,No,Medium,No
E0609,22.0,Female,Finance,High School,1,1.9,4873.0,41.4,No,Medium,No
E0080,33.0,Female ,Sales,Bachelors,2,0.6,2214.0,0.6,No,Medium,No
E0126,38.0,female,Marketing,,0,0.1,38775.0,1.8,No,Low,No
E0243,21.0,MALE,Sales,Masters,3+,3.3,3563.0,38.7,Yes,High,Yes
E0371,35.0,Male,Marketing,Bachelors,0,0.3,2891.0,14.4,Yes,Medium,Yes
E0327,22.0,Female ,Engineering,Masters,0,11.8,2745.0,0.0,No,Medium,No
E0580,38.0,Male,Sales,Bachelors,1,8.0,4588.0,8.6,No,High,No
E0658,36.0,Female,Marketing,Masters,0,2.6,4074.0,1.3,No,Medium,No
E0505,,Male,Sales,Masters,1,5.3,4902.0,5.8,No,Medium,No
E0409,20.0,MALE,Finance,Bachelors,1,15.6,4181.0,,Yes,Medium,No
E0058,47.0,Male ,Sales,Masters,0,2.7,6256.0,2.8,No,Medium,No
E0082,30.0,Female,Finance,High School,3+,10.2,5477.0,,No,High,No
E0469,44.0,Male,Engineering,High School,0,3.1,2602.0,5.8,No,Low,Yes
E0232,30.0,Male,Sales,Bachelors,2,5.9,8485.0,14.3,No,High,No
E0502,42.0,Male,Engineering,Bachelors,2,1.2,5171.0,14.0,Yes,Low,Yes
E0038,28.0,Male,Finance,Bachelors,0,2.8,3198.0,5.3,No,High,Yes
E0141,38.0,Male,Finance,Masters,2,15.1,5017.0,10.6,yes,Excellent,Yes
E0547,37.0,Female,Finance,Masters,3+,2.3,9164.0,4.2,NO,Medium,No
E0638,26.0,Female,HR,Bachelors,3+,3.3,9994.0,13.7,Yes,Medium,No
E0237,20.0,Female,Engineering,Masters,1,1.3,5053.0,0.7,No,High,No
E0417,44.0,Male,Sales,PhD,2,2.6,8795.0,10.0,No,High,Yes
E0689,31.0,Male,Engineering,High School,1,7.8,7387.0,0.5,NO,Medium,No
E0605,30.0,female,Sales,Masters,3+,7.7,2902.0,1.7,no,Medium,Yes
E0622,35.0,FEMALE,Sales,Bachelors,2,3.7,7037.0,2.6,No,Medium,No
E0584,26.0,Male,Marketing,Bachelors,0,1.0,2882.0,15.5,no,Excellent,No
E0674,24.0,FEMALE,Engineering,Bachelors,0,12.7,2125.0,0.3,No,,Yes
E0333,29.0,male,Engineering,Bachelors,1,2.9,3679.0,3.1,,Medium,Yes
E0270,35.0,Female,Engineering,Bachelors,1,0.3,3939.0,5.9,No,High,No
E0338,37.0,Female,HR,Bachelors,0,2.9,4855.0,2.3,No,Excellent,Yes
E0092,34.0,Female,Sales,Masters,0,2.0,4880.0,8.5,No,High,No
E0081,39.0,male,Marketing,Bachelors,3+,7.0,11111.0,7.5,No,Medium,No
E0139,51.0,Female,Marketing,Bachelors,0,3.5,5049.0,4.2,No,Excellent,No
