ticket,date,model,features,mae,recall_poor,notes
DAF-06,2026-09-20,persistence,"pm25_until_17 (same day, hours 00-17)",15.728,0.471,"time split, cut 2026-03-01; 161 test rows; 17 Poor days (caught 8, missed 9, false alarms 12)"
DAF-06,2026-09-20,yesterday_full_day,pm25_mean of previous day,16.399,0.471,"time split, cut 2026-03-01; 161 test rows; 17 Poor days (caught 8, missed 9, false alarms 10)"
DAF-07,2026-09-21,ridge_pipeline,"pm25_until_17, lag_1, mean_3, mean_7, month",15.507,0.353,"StandardScaler+Ridge(alpha=1.0), time split cut 2026-03-01; 145 test rows; 17 Poor days (caught 6, missed 11, false alarms 7); MAE -5.1% vs persistence on the same 145 days"
DAF-09,2026-09-23,ridge_pipeline,"pm25_until_17, lag_1, mean_3, mean_7, month",15.963,0.438,"cleaned table daily_17_clean.csv: fill holes <= 2 h, broken sensor week 2025-07-04 to 2025-07-11 removed; StandardScaler+Ridge(alpha=1.0), cut 2026-03-01; 272 train / 148 test rows; 16 Poor days (caught 7, missed 9, false alarms 6); fair check on the same 145 days and answer key: MAE 15.507 -> 15.838, recall 0.353 -> 0.412 (2 days on the 91 line); cleaning barely moved the model"
DAF-13,2026-09-29,daf13_no_weather,"pm25_until_17, lag_1, mean_3, mean_7, month",15.507,0.353,"StandardScaler+Ridge(alpha=1.0, solver=lsqr), same chronological cut 2026-03-01; 283 train / 145 test rows; test period 2026-03-01 to 2026-09-10"
DAF-13,2026-09-29,daf13_archive_weather,"pm25_until_17, lag_1, mean_3, mean_7, month, wind_tomorrow_mean, humidity_tomorrow_max, rain_tomorrow_total",17.314,0.353,"StandardScaler+Ridge(alpha=1.0, solver=lsqr), same chronological cut 2026-03-01; 283 train / 145 test rows; test period 2026-03-01 to 2026-09-10"
DAF-13,2026-09-29,daf13_forecast_weather,"pm25_until_17, lag_1, mean_3, mean_7, month, wind_tomorrow_mean, humidity_tomorrow_max, rain_tomorrow_total",17.314,0.353,"StandardScaler+Ridge(alpha=1.0, solver=lsqr), same chronological cut 2026-03-01; 283 train / 145 test rows; test period 2026-03-01 to 2026-09-10"
DAF-14,2026-09-30,daf14_lags,"pm25_until_17, lag_1, mean_3, mean_7, month, lag_2, lag_7",15.387,0.412,Added lag_2 and lag_7 to DAF-13 no-weather baseline; same cut 2026-03-01; 283 train / 145 test rows
DAF-14,2026-09-30,daf14_lags_rolling,"pm25_until_17, lag_1, mean_3, mean_7, month, lag_2, lag_7, mean_14, std_7, max_7",15.489,0.294,"Added mean_14, std_7, and max_7 to the lag-family experiment; same cut 2026-03-01; common complete-case rows: 251 train / 130 test"
DAF-14,2026-09-30,daf14_lags_rolling_change,"pm25_until_17, lag_1, mean_3, mean_7, month, lag_2, lag_7, mean_14, std_7, max_7, pm25_change",15.493,0.294,Added pm25_change (today's partial reading minus yesterday's full day) to the lag+rolling experiment; same cut 2026-03-01; common complete-case rows: 251 train / 130 test
DAF-14,2026-09-30,daf14_lags_rolling_change_calendar,"pm25_until_17, lag_1, mean_3, mean_7, month, lag_2, lag_7, mean_14, std_7, max_7, pm25_change, month_sin, month_cos, day_of_week, day_of_year_sin, day_of_year_cos",16.803,0.588,"Added month_sin, month_cos, day_of_week, day_of_year_sin, day_of_year_cos to the lag+rolling+change experiment; same cut 2026-03-01; common complete-case rows: 251 train / 130 test"
DAF-14,2026-09-30,daf14_all_families,"pm25_until_17, lag_1, mean_3, mean_7, month, lag_2, lag_7, mean_14, std_7, max_7, pm25_change, month_sin, month_cos, day_of_week, day_of_year_sin, day_of_year_cos, festival_flag, crop_burning_season_flag",19.439,0.647,Added festival_flag (dates from reference/festival_dates.csv) and crop_burning_season_flag (Oct-Nov) to the calendar experiment; same cut 2026-03-01; common complete-case rows: 251 train / 130 test; festival days: 3 train / 1 test
DAF-14,2026-09-30,daf14_selected,"pm25_until_17, mean_3, mean_7, mean_14",15.588,0.706,SelectKBest(f_regression) inside the pipeline; k=4 chosen by 5-fold TimeSeriesSplit on train rows only; test rows scored once; same cut 2026-03-01; 251 train / 130 test
DAF-15,2026-09-30,daf15_decision_tree,"pm25_until_17, mean_3, mean_7, mean_14",25.092,0.647,"default settings, random_state=0, no scaling; train MAE 0.000, gap 25.092; caught 11 of 17 Poor days; same cut 2026-03-01; 251 train / 130 test rows"
DAF-15,2026-09-30,daf15_random_forest,"pm25_until_17, mean_3, mean_7, mean_14",18.9,0.529,"default settings, random_state=0, no scaling; train MAE 11.834, gap 7.066; caught 9 of 17 Poor days; same cut 2026-03-01; 251 train / 130 test rows"
DAF-15,2026-09-30,daf15_hist_gradient_boosting,"pm25_until_17, mean_3, mean_7, mean_14",19.728,0.294,"default settings, random_state=0, no scaling; train MAE 19.132, gap 0.596; caught 5 of 17 Poor days; same cut 2026-03-01; 251 train / 130 test rows"
DAF-16,2026-10-02,daf16_persistence_walk_forward,"pm25_until_17, mean_3, mean_7, mean_14",35.352,0.858,"walk-forward: expanding window, 11 monthly exams from 2025-10-01, 246 test days (120 Poor); persistence, no fitting, forecast = pm25_until_17; warning line 91 (kept, no D-007); caught 103 of 120, missed 17, false alarms 14, precision 0.880; not comparable with single-cut rows"
DAF-16,2026-10-02,daf16_ridge_walk_forward,"pm25_until_17, mean_3, mean_7, mean_14",30.379,0.908,"walk-forward: expanding window, 11 monthly exams from 2025-10-01, 246 test days (120 Poor); StandardScaler+Ridge(alpha=1.0, solver=lsqr), refitted each month; warning line 91 (kept, no D-007); caught 109 of 120, missed 11, false alarms 12, precision 0.901; not comparable with single-cut rows"
DAF-16,2026-10-02,daf16_random_forest_walk_forward,"pm25_until_17, mean_3, mean_7, mean_14",41.485,0.792,"walk-forward: expanding window, 11 monthly exams from 2025-10-01, 246 test days (120 Poor); RandomForestRegressor defaults, random_state=0, refitted each month; warning line 91 (kept, no D-007); caught 95 of 120, missed 25, false alarms 14, precision 0.872; not comparable with single-cut rows"
DAF-17,2026-10-03,daf17_ridge_default_cv,"pm25_until_17, mean_3, mean_7, mean_14",36.456,0.915,"cross-validation: TimeSeriesSplit 5 folds on 251 train rows (2025-03-17 to 2026-02-28), test days not used; MAE = mean of 5 fold scores, recall pooled over 205 validation days (106 Poor, warn at 91); StandardScaler+Ridge(alpha=1.0, solver=lsqr); FINAL model: frozen in models/final_config.json, D-007; not comparable with single-cut or walk-forward rows"
DAF-17,2026-10-03,daf17_ridge_tuned_cv,"pm25_until_17, mean_3, mean_7, mean_14",36.409,0.915,"cross-validation: TimeSeriesSplit 5 folds on 251 train rows (2025-03-17 to 2026-02-28), test days not used; MAE = mean of 5 fold scores, recall pooled over 205 validation days (106 Poor, warn at 91); StandardScaler+Ridge(alpha=0.013, solver=lsqr); not kept: gain 0.047 is below the 1.0 rule, 3 of 5 folds; not comparable with single-cut or walk-forward rows"
DAF-17,2026-10-03,daf17_hgb_default_cv,"pm25_until_17, mean_3, mean_7, mean_14",47.782,0.774,"cross-validation: TimeSeriesSplit 5 folds on 251 train rows (2025-03-17 to 2026-02-28), test days not used; MAE = mean of 5 fold scores, recall pooled over 205 validation days (106 Poor, warn at 91); HistGradientBoostingRegressor defaults, random_state=0; tree candidate, not final; not comparable with single-cut or walk-forward rows"
DAF-17,2026-10-03,daf17_hgb_tuned_cv,"pm25_until_17, mean_3, mean_7, mean_14",47.683,0.774,"cross-validation: TimeSeriesSplit 5 folds on 251 train rows (2025-03-17 to 2026-02-28), test days not used; MAE = mean of 5 fold scores, recall pooled over 205 validation days (106 Poor, warn at 91); HistGradientBoostingRegressor {'learning_rate': 0.062, 'max_depth': 2, 'max_iter': 300, 'min_samples_leaf': 20}, random_state=0; not kept: gain 0.099 is below the 1.0 rule, 1 of 5 folds; not comparable with single-cut or walk-forward rows"
DAF-17,2026-10-03,daf17_persistence_cv,"pm25_until_17, mean_3, mean_7, mean_14",37.889,0.906,"cross-validation: TimeSeriesSplit 5 folds on 251 train rows (2025-03-17 to 2026-02-28), test days not used; MAE = mean of 5 fold scores, recall pooled over 205 validation days (106 Poor, warn at 91); persistence, no fitting, forecast = pm25_until_17; reference the final model must beat; not comparable with single-cut or walk-forward rows"
